KOMPLET-sk,
AMC,
Arena Sport 1 HD,
Auto Motor Sport HD,
AXN,
AXN Black,
AXN White,
BBC World News HD,
Bloomberg Europe,
Boomerang,
CANAL+ Domo,
CANAL+ Sport,
Cartoon Network,
CBS Reality,
Cinemax,
Cinemax2,
CNN Prima NEWS HD,
CS Film,
CS History,
CS Horror,
CS Mystery,
ČT1 HD,
ČT2 HD,
ČT24 HD,
DAJTO HD,
Disney Channel,
DocuBox,
Doma HD,
Dorcel TV,
Dorcel XXX,
ducktv,
Dvojka HD,
Earthx TV,
Epic Drama HD,
EuroNews,
Extreme Sports Channel,
FightBox,
Film+,
FilmBox,
FilmBox Extra HD,
FilmBox Family,
FilmBox Premium HD,
FilmBox Stars,
Film Europe HD,
Film Europe+ HD,
Fishing and Hunting,
France 24,
Golf Channel,
HBO,
HBO2,
HBO3,
History HD,
Hobby TV,
Hustler,
INPLUS,
Jednotka HD,
JimJam,
JOJ Cinema HD,
JOJ HD,
Jojko,
JOJ Šport HD,
JOJ 24 HD,
LALA TV,
LEO TV,
Love Nature HD,
Man-X,
Markíza HD,
Markíza Krimi HD,
Mezzo HD,
Minimax,
Mňam TV,
MTV DE,
MTV Europe CZ,
MTV 00s,
MTV 80s,
Náš region TV,
National Geographic HD,
National Geographic Wild HD,
Nautical HD,
Newsmax HD,
Nickelodeon,
Nickelodeon DE,
Nick Jr Czech,
Nicktoons,
Nova International,
Nova Sport 1 HD,
Nova Sport 2 HD,
ÓČKO,
ÓČKO BLACK HD,
ÓČKO EXPRES HD,
ÓČKO STAR,
Penthouse Gold,
Penthouse Reality TV,
Playboy TV Europe,
Plus HD,
Prima PLUS HD,
Rebel,
RELAX,
Retro,
RTVS ŠPORT HD,
RTVS 24 HD,
Senzi,
Skylink 7,
Sky News International,
Spektrum HD,
Spektrum Home,
Sport 1 DE,
Sport 1 HD,
Sport 2 HD,
SPORT5,
Stingray Classica HD,
Stingray CMusic,
Stingray iConcerts HD,
Šláger Muzika,
Šláger Originál,
Šlágr Premium HD,
TA3 HD,
Travelxp HD,
TV Lux HD,
TV Noe,
TV Paprika,
TV8 HD,
UP NETWORK,
Viasat Explore,
Viasat History HD,
Viasat Nature HD,
Vivid TV Europe,
VIXEN HD,
WAU HD,
