KOMPLET-cz,,KOMPLET-sk,,MULTI-cz,,MULTI-sk,,KOMPLET-cz,,KOMPLET-sk,,MULTI-cz,,MULTI-sk,,2,ČT1,ct1.png,České,1|1|,2,ČT1,ct1.png,České,1|1|,1,ČT1,1,https://services.mujtvprogram.cz/tvprogram2services/services/logoImageDownloader.php?p1=221c83bb0fc366a6af5a167d5558781e&p2=80,cz
AMC,,AMC,,AMC,,AMC,,AMC,,AMC,,AMC,,AMC,,3,ČT2,ct2.png,České,2|2|,3,ČT2,ct2.png,České,2|2|,2,ČT2,2,https://services.mujtvprogram.cz/tvprogram2services/services/logoImageDownloader.php?p1=930021742680a86aabfe6100a6899d2b&p2=80,cz
Arena Sport 1 HD,,Arena Sport 1 HD,,Arena Sport 1 HD,,Arena Sport 1 HD,,Arena Sport 1 HD,,Arena Sport 1 HD,,Arena Sport 1 HD,,Arena Sport 1 HD,,1,Nova,nova.png,České,3|3|,1,Nova,nova.png,České,3|3|,723,Skylink 7,4,https://services.mujtvprogram.cz/tvprogram2services/services/logoImageDownloader.php?p1=ac6c69625699eaecc9b39f7ea4d69b8c&p2=80,cz
Auto Motor Sport HD,,Auto Motor Sport HD,,AXN,,AXN,,Auto Motor Sport HD,,Auto Motor Sport HD,,AXN,,AXN,,4,Prima,prima.png,České,4|5|,4,Prima,prima.png,České,4|5|,3,Nova,6,https://services.mujtvprogram.cz/tvprogram2services/services/logoImageDownloader.php?p1=60712218b2910fb81fc217d672f602af&p2=80,cz
AXN,,AXN,,AXN Black,,AXN Black,,AXN,,AXN,,AXN Black,,AXN Black,,220,Prima Cool,prima_cool.png,České,6|16|,220,Prima Cool,prima_cool.png,České,6|16|,4,Prima,12,https://services.mujtvprogram.cz/tvprogram2services/services/logoImageDownloader.php?p1=aa330a12f11883b0f0fe6a45702e8e04&p2=80,cz
AXN Black,,AXN Black,,AXN White,,AXN White,,AXN Black,,AXN Black,,AXN White,,AXN White,,215,Barrandov,barrandov.png,České,19|20|,215,Barrandov,barrandov.png,České,19|20|,89,TV Barrandov,13,https://services.mujtvprogram.cz/tvprogram2services/services/logoImageDownloader.php?p1=b248cb57e2fb343e1effe7bc682aa6bd&p2=80,cz
AXN White,,AXN White,,Barrandov Krimi,,BBC World News HD,,AXN White,,AXN White,,Barrandov Krimi,,BBC World News HD,,132,Nova Cinema,nova_cinema.png,České,33|11|,132,Nova Cinema,nova_cinema.png,České,33|11|,24,ČT24,15,https://services.mujtvprogram.cz/tvprogram2services/services/logoImageDownloader.php?p1=8c4acbba033b894bf86f38727e4842c3&p2=80,cz
Barrandov Krimi,,BBC World News HD,,BBC World News HD,,Bloomberg Europe,,Barrandov Krimi,,BBC World News HD,,BBC World News HD,,Bloomberg Europe,,82,AMC,amc.png,České,25|86|,82,AMC,amc.png,České,25|86|,358,ČT art,16,https://services.mujtvprogram.cz/tvprogram2services/services/logoImageDownloader.php?p1=2321936145b564cadab76b11be414b15&p2=80,cz
BBC World News HD,,Bloomberg Europe,,Bloomberg Europe,,CANAL+ Domo,,BBC World News HD,,Bloomberg Europe,,Bloomberg Europe,,CANAL+ Domo,,28,AnimalPlanet,animal_planet.png,České,60|122|,28,AnimalPlanet,animal_planet.png,České,60|122|,818,CNN Prima News,17,https://services.mujtvprogram.cz/tvprogram2services/services/logoImageDownloader.php?p1=a1c9d2c600a34f92762af5e08003c2c1&p2=80,cz
Bloomberg Europe,,Boomerang,,CANAL+ Domo,,Cartoon Network,,Bloomberg Europe,,Boomerang,,CANAL+ Domo,,Cartoon Network,,704,Auto Motor Sport,automoto.png,České,|107|,704,Auto Motor Sport,automoto.png,České,|107|,558,Nova Action,18,https://services.mujtvprogram.cz/tvprogram2services/services/logoImageDownloader.php?p1=25ebf360f8f0468e1718867e521bfdfe&p2=80,cz
Boomerang,,CANAL+ Domo,,Cartoon Network,,CNN Prima NEWS HD,,Boomerang,,CANAL+ Domo,,Cartoon Network,,CNN Prima NEWS HD,,55,AXN,axn.png,České,116|88|,55,AXN,axn.png,České,116|88|,560,Nova Fun,19,https://services.mujtvprogram.cz/tvprogram2services/services/logoImageDownloader.php?p1=c1a9cba821271db0677a95b4e971e9dc&p2=80,cz
CANAL+ Domo,,CANAL+ Sport,,CNN Prima NEWS HD,,CS Film,,CANAL+ Domo,,CANAL+ Sport,,CNN Prima NEWS HD,,CS Film,,216,AXN Digi TV,axn.png,České,||,216,AXN Digi TV,axn.png,České,||,921,Nova Lady,20,https://services.mujtvprogram.cz/tvprogram2services/services/logoImageDownloader.php?p1=11d7d12fe3f18edb127c3350031215b1&p2=80,cz
CANAL+ Sport,,Cartoon Network,,CS Film,,CS History,,CANAL+ Sport,,Cartoon Network,,CS Film,,CS History,,125,AXN Black,axn_black.png,České,117||,125,AXN Black,axn_black.png,České,117||,559,Nova Gold,22,https://services.mujtvprogram.cz/tvprogram2services/services/logoImageDownloader.php?p1=c2d8401ab82b123bd0a64e5f551e9a5f&p2=80,cz
Cartoon Network,,CBS Reality,,CS History,,CS Horror,,Cartoon Network,,CBS Reality,,CS History,,CS Horror,,883,AXN HD,axn_hd.png,České,||,883,AXN HD,axn_hd.png,České,||,474,Prima MAX,23,https://services.mujtvprogram.cz/tvprogram2services/services/logoImageDownloader.php?p1=84812352443b158ef7588f9e79c48e41&p2=80,cz
CBS Reality,,Cinemax,,CS Horror,,CS Mystery,,CBS Reality,,Cinemax,,CS Horror,,CS Mystery,,126,AXN White,axn_white.png,České,118||,126,AXN White,axn_white.png,České,118||,92,Prima COOL,24,https://services.mujtvprogram.cz/tvprogram2services/services/logoImageDownloader.php?p1=856df71312a0fbdd13d7a3d897939eae&p2=80,cz
Cinemax,,Cinemax2,,CS Mystery,,ČT1 HD,,Cinemax,,Cinemax2,,CS Mystery,,ČT1 HD,,1020,Barrandov Krimi,barrandov_krimi.png,České,47|23|,1020,Barrandov Krimi,barrandov_krimi.png,České,47|23|,897,Prima STAR,25,https://services.mujtvprogram.cz/tvprogram2services/services/logoImageDownloader.php?p1=105dd0f9660f7921d17dff31eed161bf&p2=80,cz
Cinemax2,,CNN Prima NEWS HD,,ČT art HD,,ČT2 HD,,Cinemax2,,CNN Prima NEWS HD,,ČT art HD,,ČT2 HD,,66,Cinemax,cinemax.png,České,23|78|,66,Cinemax,cinemax.png,České,23|78|,923,Prima Show,26,https://services.mujtvprogram.cz/tvprogram2services/services/logoImageDownloader.php?p1=842a86fcc3e208def1111a707f7859ad&p2=80,cz
CNN Prima NEWS HD,,CS Film,,ČT :D HD,,ČT24 HD,,CNN Prima NEWS HD,,CS Film,,ČT :D HD,,ČT24 HD,,80,Cinemax 2,cinemax2.png,České,24||,80,Cinemax 2,cinemax2.png,České,24||,226,Prima Love,27,https://services.mujtvprogram.cz/tvprogram2services/services/logoImageDownloader.php?p1=afdd434566239dfa7b1c905f5a2c13d1&p2=80,cz
CS Film,,CS History,,ČT Sport HD,,DAJTO HD,,CS Film,,CS History,,ČT Sport HD,,DAJTO HD,,32,CBS Reality,cbsreality.png,České,120||,32,CBS Reality,cbsreality.png,České,120||,608,Prim KRIMI,28,https://services.mujtvprogram.cz/tvprogram2services/services/logoImageDownloader.php?p1=f5f408ddd53640116492b80c837ae5b1&p2=80,cz
CS History,,CS Horror,,ČT1 HD,,Disney Channel,,CS History,,CS Horror,,ČT1 HD,,Disney Channel,,832,Crime and Investigation,ci.png,České,||,832,Crime and Investigation,ci.png,České,||,475,Paramount Network,29,https://services.mujtvprogram.cz/tvprogram2services/services/logoImageDownloader.php?p1=cbc6e86958703869b7b086ddba1da30d&p2=80,cz
CS Horror,,CS Mystery,,ČT2 HD,,Doma HD,,CS Horror,,CS Mystery,,ČT2 HD,,Doma HD,,805,ČT :D,ctd.png,České,|10|,805,ČT :D,ctd.png,České,|10|,455,Barrandov Krimi,30,https://services.mujtvprogram.cz/tvprogram2services/services/logoImageDownloader.php?p1=2997ac41a7346f4a000a80ed21c9ebe1&p2=80,cz
CS Mystery,,ČT1 HD,,ČT24 HD,,ducktv,,CS Mystery,,ČT1 HD,,ČT24 HD,,ducktv,,804,ČT art,ctart.png,České,|10|,804,ČT art,ctart.png,České,|10|,181,Jednotka,33,https://services.mujtvprogram.cz/tvprogram2services/services/logoImageDownloader.php?p1=af41e26050d9dbe2388a68dc9fb87f10&p2=80,sk
ČT art HD,,ČT2 HD,,Disney Channel,,Dvojka HD,,ČT art HD,,ČT2 HD,,Disney Channel,,Dvojka HD,,65,ČT24,ct24.png,České,12|8|,65,ČT24,ct24.png,České,12|8|,180,Dvojka,34,https://services.mujtvprogram.cz/tvprogram2services/services/logoImageDownloader.php?p1=790271bf84f7851efcdc0a12076fd4f7&p2=80,sk
ČT :D HD,,ČT24 HD,,ducktv,,Earthx TV,,ČT :D HD,,ČT24 HD,,ducktv,,Earthx TV,,73,ČT4 Sport,ct4.png,České,76|9|,73,ČT4 Sport,ct4.png,České,76|9|,1016,RTVS 24,36,https://services.mujtvprogram.cz/tvprogram2services/services/logoImageDownloader.php?p1=97c4094b535828580db20c8d7166bd80&p2=80,sk
ČT Sport HD,,DAJTO HD,,Dvojka HD,,Epic Drama HD,,ČT Sport HD,,DAJTO HD,,Dvojka HD,,Epic Drama HD,,15,Discovery,Discovery.png,České,56|121|,15,Discovery,Discovery.png,České,56|121|,185,JOJ,37,https://services.mujtvprogram.cz/tvprogram2services/services/logoImageDownloader.php?p1=62c2a4ee85ca43296f502887aa2249ee&p2=80,sk
ČT1 HD,,Disney Channel,,Earthx TV,,EuroNews,,ČT1 HD,,Disney Channel,,Earthx TV,,EuroNews,,92,Discovery Science,discoveryscience.png,České,58||,92,Discovery Science,discoveryscience.png,České,58||,183,Markíza,38,https://services.mujtvprogram.cz/tvprogram2services/services/logoImageDownloader.php?p1=169623c0f6ffdf692434641b8e32f6be&p2=80,sk
ČT2 HD,,DocuBox,,Epic Drama HD,,FightBox,,ČT2 HD,,DocuBox,,Epic Drama HD,,FightBox,,1129,DTX,dtx.png,České,||,1129,DTX,dtx.png,České,||,459,JOJ Cinema,40,https://services.mujtvprogram.cz/tvprogram2services/services/logoImageDownloader.php?p1=2c14c2cb14a6ab09ecc930c06de52c2f&p2=80,sk
ČT24 HD,,Doma HD,,EuroNews,,Film+,,ČT24 HD,,Doma HD,,EuroNews,,Film+,,9,Eurosport 1,eurosport1.png,České,77|100|,9,Eurosport 1,eurosport1.png,České,77|100|,182,Doma,43,https://services.mujtvprogram.cz/tvprogram2services/services/logoImageDownloader.php?p1=a24db5474fe8f3e05027887241012d65&p2=80,sk
Disney Channel,,Dorcel TV,,FightBox,,FilmBox,,Disney Channel,,Dorcel TV,,FightBox,,FilmBox,,59,Eurosport 2,eurosport2.png,České,78|101|,59,Eurosport 2,eurosport2.png,České,78|101|,308,Dajto,50,https://services.mujtvprogram.cz/tvprogram2services/services/logoImageDownloader.php?p1=8fcc62001cbc120a3a68b09e7ddeb116&p2=80,sk
DocuBox,,Dorcel XXX,,Film+,,FilmBox Extra HD,,DocuBox,,Dorcel XXX,,Film+,,FilmBox Extra HD,,591,Erox HD,eroxhd.png,České,||,591,Erox HD,eroxhd.png,České,||,184,PLUS,52,https://services.mujtvprogram.cz/tvprogram2services/services/logoImageDownloader.php?p1=1afc210ac052b9273f87bf5fdaf516c9&p2=80,sk
Dorcel TV,,ducktv,,FilmBox,,FilmBox Stars,,Dorcel TV,,ducktv,,FilmBox,,FilmBox Stars,,677,Nova Action,nova_action.png,České,42|12|,677,Nova Action,nova_action.png,České,42|12|,349,WAU,53,https://services.mujtvprogram.cz/tvprogram2services/services/logoImageDownloader.php?p1=18f22d4375046a88766f9eef273181bd&p2=80,sk
Dorcel XXX,,Dvojka HD,,FilmBox Extra HD,,Film Europe HD,,Dorcel XXX,,Dvojka HD,,FilmBox Extra HD,,Film Europe HD,,68,Film+,film_plus.png,České,41|84|,68,Film+,film_plus.png,České,41|84|,1017,Markíza Krimi,54,https://services.mujtvprogram.cz/tvprogram2services/services/logoImageDownloader.php?p1=bcbe656b111f70a50fedabf40c644cdc&p2=80,sk
ducktv,,Earthx TV,,FilmBox Stars,,Film Europe+ HD,,ducktv,,Earthx TV,,FilmBox Stars,,Film Europe+ HD,,72,Filmbox,filmbox.png,České,29|80|,72,Filmbox,filmbox.png,České,29|80|,314,RELAX,62,https://services.mujtvprogram.cz/tvprogram2services/services/logoImageDownloader.php?p1=f7374332cf28043a6ae3e77640f188e9&p2=80,cz
Dvojka HD,,Epic Drama HD,,Film Europe HD,,Fishing and Hunting,,Dvojka HD,,Epic Drama HD,,Film Europe HD,,Fishing and Hunting,,592,Filmbox Premium,filmbox-premium.png,České,27|82|,592,Filmbox Premium,filmbox-premium.png,České,27|82|,296,Náš region TV,63,https://services.mujtvprogram.cz/tvprogram2services/services/logoImageDownloader.php?p1=a525a102fb950e7f64e3b72572728135&p2=80,cz
Earthx TV,,EuroNews,,Film Europe+ HD,,France 24,,Earthx TV,,EuroNews,,Film Europe+ HD,,France 24,,576,Filmbox Family,filmboxfamily.png,České,31|83|,576,Filmbox Family,filmboxfamily.png,České,31|83|,192,TA3,66,https://services.mujtvprogram.cz/tvprogram2services/services/logoImageDownloader.php?p1=b6cd5e1b46e3289109677f63c813c4bd&p2=80,sk
Epic Drama HD,,Extreme Sports Channel,,Fishing and Hunting,,Golf Channel,,Epic Drama HD,,Extreme Sports Channel,,Fishing and Hunting,,Golf Channel,,182,Filmbox Extra HD,filmboxhd.png,České,28|79|,182,Filmbox Extra HD,filmboxhd.png,České,28|79|,1042,JOJ 24,67,https://services.mujtvprogram.cz/tvprogram2services/services/logoImageDownloader.php?p1=e87b36b2986de7b80d2439612306dfdb&p2=80,sk
EuroNews,,FightBox,,France 24,,History HD,,EuroNews,,FightBox,,France 24,,History HD,,76,Filmbox Stars,filmboxstars.png,České,30|81|,76,Filmbox Stars,filmboxstars.png,České,30|81|,304,TV Lux,71,https://services.mujtvprogram.cz/tvprogram2services/services/logoImageDownloader.php?p1=f5dbde9996dd8d622a9358be9160502a&p2=80,sk
Extreme Sports Channel,,Film+,,Golf Channel,,Hobby TV,,Extreme Sports Channel,,Film+,,Golf Channel,,Hobby TV,,570,Film Europe,filmeurope.png,České,37|85|,570,Film Europe,filmeurope.png,České,37|85|,268,TV 8,73,https://services.mujtvprogram.cz/tvprogram2services/services/logoImageDownloader.php?p1=823c4e23f7e767c43d69a8d431fa12f7&p2=80,sk
FightBox,,FilmBox,,History HD,,INPLUS,,FightBox,,FilmBox,,History HD,,INPLUS,,1039,Food Network HD,food_network.png,České,110|140|,1039,Food Network HD,food_network.png,České,110|140|,495,Markíza International,74,https://services.mujtvprogram.cz/tvprogram2services/services/logoImageDownloader.php?p1=1e5edc666f6748d00ece0e8c8fd92d8b&p2=80,sk
Film+,,FilmBox Extra HD,,Hobby TV,,Jednotka HD,,Film+,,FilmBox Extra HD,,Hobby TV,,Jednotka HD,,127,Golf Channel,golfchannel.png,České,85|108|,127,Golf Channel,golfchannel.png,České,85|108|,532,JOJ Family,75,https://services.mujtvprogram.cz/tvprogram2services/services/logoImageDownloader.php?p1=26b6f679c3959e07eae32c09a361e644&p2=80,cz
FilmBox,,FilmBox Family,,INPLUS,,JimJam,,FilmBox,,FilmBox Family,,INPLUS,,JimJam,,6,HBO,HBO.png,České,20|75|,6,HBO,HBO.png,České,20|75|,606,Televize Seznam,80,https://services.mujtvprogram.cz/tvprogram2services/services/logoImageDownloader.php?p1=facfd0bf62f131886ae61469dcd729eb&p2=80,cz
FilmBox Extra HD,,FilmBox Premium HD,,Jednotka HD,,JOJ Cinema HD,,FilmBox Extra HD,,FilmBox Premium HD,,Jednotka HD,,JOJ Cinema HD,,54,HBO2,HBO2.png,České,21|76|,54,HBO2,HBO2.png,České,21|76|,494,Nova International,81,https://services.mujtvprogram.cz/tvprogram2services/services/logoImageDownloader.php?p1=3d4a0d28e35d9a621709eafed2607692&p2=80,cz
FilmBox Family,,FilmBox Stars,,JimJam,,JOJ HD,,FilmBox Family,,FilmBox Stars,,JimJam,,JOJ HD,,115,HBO3,hbo3.png,České,22|77|,115,HBO3,hbo3.png,České,22|77|,556,Prima PLUS,82,https://services.mujtvprogram.cz/tvprogram2services/services/logoImageDownloader.php?p1=4e4dd9b87204da34ef0a808de90f8bbf&p2=80,sk
FilmBox Premium HD,,Film Europe HD,,JOJ Cinema HD,,Jojko,,FilmBox Premium HD,,Film Europe HD,,JOJ Cinema HD,,Jojko,,202,History Channel,history_channel_hd.png,České,62|131|,202,History Channel,history_channel_hd.png,České,62|131|,75,TV Noe,85,https://services.mujtvprogram.cz/tvprogram2services/services/logoImageDownloader.php?p1=2cdfb1e25a1c38ac5a07b1fb42125f15&p2=80,cz
FilmBox Stars,,Film Europe+ HD,,JOJ Family HD,,JOJ Šport HD,,FilmBox Stars,,Film Europe+ HD,,JOJ Family HD,,JOJ Šport HD,,713,CS Horror,cshorror.png,České,43|87|,713,CS Horror,cshorror.png,České,43|87|,1040,CANAL+ Sport,92,https://services.mujtvprogram.cz/tvprogram2services/services/logoImageDownloader.php?p1=ab73879fdf9b10e1deb0224bfbb3cfd8&p2=80,cz
Film Europe HD,,Fishing and Hunting,,Kino Barrandov,,JOJ 24 HD,,Film Europe HD,,Fishing and Hunting,,Kino Barrandov,,JOJ 24 HD,,850,Jihočeská televize,jtv.png,České,||,850,Jihočeská televize,jtv.png,České,||,18,ČT sport,93,https://services.mujtvprogram.cz/tvprogram2services/services/logoImageDownloader.php?p1=731498bd1afcd17e53643dd75a9a10ea&p2=80,cz
Film Europe+ HD,,France 24,,LALA TV,,LALA TV,,Film Europe+ HD,,France 24,,LALA TV,,LALA TV,,137,Jim Jam,jim-jam.png,České,95|161|,137,Jim Jam,jim-jam.png,České,95|161|,17,Nova Sport 1,94,https://services.mujtvprogram.cz/tvprogram2services/services/logoImageDownloader.php?p1=11dac2d7fe5514e362318f0f212a840c&p2=80,cz
Fishing and Hunting,,Golf Channel,,LEO TV,,LEO TV,,Fishing and Hunting,,Golf Channel,,LEO TV,,LEO TV,,1018,Kino Barrandov,kinobarrandov.png,České,46|22|,1018,Kino Barrandov,kinobarrandov.png,České,46|22|,466,Nova Sport 2,95,https://services.mujtvprogram.cz/tvprogram2services/services/logoImageDownloader.php?p1=52b4f4f976af662468915020f177bc6d&p2=80,cz
France 24,,HBO,,Love Nature HD,,Love Nature HD,,France 24,,HBO,,Love Nature HD,,Love Nature HD,,717,CS Mystery,csmystery.png,České,|26|,717,CS Mystery,csmystery.png,České,|26|,904,Nova Sport 3,97,,cz
Golf Channel,,HBO2,,Markíza International,,Markíza HD,,Golf Channel,,HBO2,,Markíza International,,Markíza HD,,200,Leo,leo.png,České,172|204|,200,Leo,leo.png,České,172|204|,905,Nova Sport 4,98,,cz
HBO,,HBO3,,Minimax,,Markíza Krimi HD,,HBO,,HBO3,,Minimax,,Markíza Krimi HD,,57,Minimax,Minimax.png,České,93|162|,57,Minimax,Minimax.png,České,93|162|,16,Eurosport 1,99,https://services.mujtvprogram.cz/tvprogram2services/services/logoImageDownloader.php?p1=566e52b95baae881c30bdb6a78f3d669&p2=80,cz
HBO2,,History HD,,Mňam TV,,Minimax,,HBO2,,History HD,,Mňam TV,,Minimax,,1012,Mňam TV,mnam.png,České,114||,1012,Mňam TV,mnam.png,České,114||,25,Eurosport 2,100,https://services.mujtvprogram.cz/tvprogram2services/services/logoImageDownloader.php?p1=9028cafedb8845db469da758c7813987&p2=80,cz
HBO3,,Hobby TV,,MTV DE,,Mňam TV,,HBO3,,Hobby TV,,MTV DE,,Mňam TV,,234,MTV,mtv.png,České,123||,234,MTV,mtv.png,České,123||,928,RTVS Šport,101,https://services.mujtvprogram.cz/tvprogram2services/services/logoImageDownloader.php?p1=463022363e42669684ed651fff8044e4&p2=80,sk
History HD,,Hustler,,MTV Europe CZ,,MTV DE,,History HD,,Hustler,,MTV Europe CZ,,MTV DE,,232,National Geographic HD,NG_HD.png,České,51|123|,232,National Geographic HD,NG_HD.png,České,51|123|,924,JOJ Šport,102,https://services.mujtvprogram.cz/tvprogram2services/services/logoImageDownloader.php?p1=3aed8902d1703977a03f5c8328a9dc52&p2=80,sk
Hobby TV,,INPLUS,,MTV 00s,,MTV Europe CZ,,Hobby TV,,INPLUS,,MTV 00s,,MTV Europe CZ,,106,National Geographic Wild,ngwild.png,České,52|125|,106,National Geographic Wild,ngwild.png,České,52|125|,61,Sport 1,103,https://services.mujtvprogram.cz/tvprogram2services/services/logoImageDownloader.php?p1=5fb0f492ec2d16b633ea3c65d6c03f83&p2=80,cz
Hustler,,Jednotka HD,,MTV 80s,,MTV 00s,,Hustler,,Jednotka HD,,MTV 80s,,MTV 00s,,254,Nickelodeon,nickelodeon.png,České,91|164|,254,Nickelodeon,nickelodeon.png,České,91|164|,93,Sport 2,106,https://services.mujtvprogram.cz/tvprogram2services/services/logoImageDownloader.php?p1=d0f82af73dc56eada0688322c7a53f35&p2=80,cz
INPLUS,,JimJam,,Náš region TV,,MTV 80s,,INPLUS,,JimJam,,Náš region TV,,MTV 80s,,205,Nova Sport 1,nova_sport_1.png,České,82|102|,205,Nova Sport 1,nova_sport_1.png,České,82|102|,344,Arena Sport 1,108,https://services.mujtvprogram.cz/tvprogram2services/services/logoImageDownloader.php?p1=417142095fa934ab9c9f02e2bf7d5a9a&p2=80,sk
Jednotka HD,,JOJ Cinema HD,,National Geographic HD,,Náš region TV,,Jednotka HD,,JOJ Cinema HD,,National Geographic HD,,Náš region TV,,1038,Nova Sport 2,nova_sport_2.png,České,83|103|,1038,Nova Sport 2,nova_sport_2.png,České,83|103|,379,Arena Sport 2,109,https://services.mujtvprogram.cz/tvprogram2services/services/logoImageDownloader.php?p1=e40bd2279b88dab77b024d002dea6187&p2=80,sk
JimJam,,JOJ HD,,National Geographic Wild,,National Geographic HD,,JimJam,,JOJ HD,,National Geographic Wild,,National Geographic HD,,114,Noe,noe.png,České,182||,114,Noe,noe.png,České,182||,528,Premier Sport,110,,sk
JOJ Cinema HD,,Jojko,,Newsmax HD,,National Geographic Wild HD,,JOJ Cinema HD,,Jojko,,Newsmax HD,,National Geographic Wild HD,,1025,O2 Info 1,o2tv.png,České,13||,1025,O2 Info 1,o2tv.png,České,13||,902,Premier Sport 2,111,,cz
JOJ Family HD,,JOJ Šport HD,,Nickelodeon,,Newsmax HD,,JOJ Family HD,,JOJ Šport HD,,Nickelodeon,,Newsmax HD,,1040,O2 Sport,o2_sport.png,České,5||,1040,O2 Sport,o2_sport.png,České,5||,225,Golf Channel,113,https://services.mujtvprogram.cz/tvprogram2services/services/logoImageDownloader.php?p1=745ac38c76bf918e605379f63c57710a&p2=80,cz
Kino Barrandov,,JOJ 24 HD,,Nickelodeon DE,,Nickelodeon,,Kino Barrandov,,JOJ 24 HD,,Nickelodeon DE,,Nickelodeon,,53,Óčko,ocko.png,České,122|28|,53,Óčko,ocko.png,České,122|28|,453,Auto Motor Sport  HD,114,https://services.mujtvprogram.cz/tvprogram2services/services/logoImageDownloader.php?p1=f2464856c0987f1260ba96bd10155b84&p2=80,cz
LALA TV,,LALA TV,,Nick Jr Czech,,Nickelodeon DE,,LALA TV,,LALA TV,,Nick Jr Czech,,Nickelodeon DE,,831,Óčko Expres,ocko-expres.png,České,130||,831,Óčko Expres,ocko-expres.png,České,130||,85,Extreme Sports Channel,115,https://services.mujtvprogram.cz/tvprogram2services/services/logoImageDownloader.php?p1=77145a11db98d58216052dd47f12a8bd&p2=80,en
LEO TV,,LEO TV,,Nicktoons,,Nick Jr Czech,,LEO TV,,LEO TV,,Nicktoons,,Nick Jr Czech,,736,Óčko Star,ocko-gold.png,České,121|29|,736,Óčko Star,ocko-gold.png,České,121|29|,404,Fast&FunBox HD,116,https://services.mujtvprogram.cz/tvprogram2services/services/logoImageDownloader.php?p1=968f7dcf315da21c8d46c68cee0be070&p2=80,en
Love Nature HD,,Love Nature HD,,Nova Action HD,,Nicktoons,,Love Nature HD,,Love Nature HD,,Nova Action HD,,Nicktoons,,251,OIK TV,oik.png,České,||,251,OIK TV,oik.png,České,||,301,FightBox HD,117,https://services.mujtvprogram.cz/tvprogram2services/services/logoImageDownloader.php?p1=1b22577d975f70df2b9b9c8c28584789&p2=80,en
Man-X,,Man-X,,Nova Cinema HD,,Nova International,,Man-X,,Man-X,,Nova Cinema HD,,Nova International,,62,Paprika,paprika.png,České,113|138|,62,Paprika,paprika.png,České,113|138|,21,National Geographic,121,https://services.mujtvprogram.cz/tvprogram2services/services/logoImageDownloader.php?p1=f0578ba97cddee9b0580d06620967602&p2=80,cz
Markíza International,,Markíza HD,,Nova Fun HD,,Nova Sport 1 HD,,Markíza International,,Markíza HD,,Nova Fun HD,,Nova Sport 1 HD,,1123,Paramount Network,paramountnetwork.png,České,14|19|,1123,Paramount Network,paramountnetwork.png,České,14|19|,12,Discovery,123,https://services.mujtvprogram.cz/tvprogram2services/services/logoImageDownloader.php?p1=d25a71d1efc626184305c8d9fbfc5b68&p2=80,cz
Mezzo HD,,Markíza Krimi HD,,Nova Gold,,Nova Sport 2 HD,,Mezzo HD,,Markíza Krimi HD,,Nova Gold,,Nova Sport 2 HD,,1122,Prima MAX,prima_max.png,České,9|15|,1122,Prima MAX,prima_max.png,České,9|15|,214,National Geographic HD,124,https://services.mujtvprogram.cz/tvprogram2services/services/logoImageDownloader.php?p1=25bd26f8922442392251d4f9a9ff54e1&p2=80,cz
Minimax,,Mezzo HD,,Nova HD,,ÓČKO,,Minimax,,Mezzo HD,,Nova HD,,ÓČKO,,1196,Prima Krimi,prima_krimi.png,České,15|21|,1196,Prima Krimi,prima_krimi.png,České,15|21|,11,Animal Planet,125,https://services.mujtvprogram.cz/tvprogram2services/services/logoImageDownloader.php?p1=80827a7225497dfb53f37650fd8b4840&p2=80,cz
Mňam TV,,Minimax,,Nova Sport 1 HD,,ÓČKO BLACK HD,,Mňam TV,,Minimax,,Nova Sport 1 HD,,ÓČKO BLACK HD,,496,Prima LOVE,primalove.png,České,7|17|,496,Prima LOVE,primalove.png,České,7|17|,82,National Geographic Wild,126,https://services.mujtvprogram.cz/tvprogram2services/services/logoImageDownloader.php?p1=3bfcbc78d72ec27d51e11e87111f092d&p2=80,cz
MTV DE,,Mňam TV,,Nova Sport 2 HD,,ÓČKO EXPRES HD,,MTV DE,,Mňam TV,,Nova Sport 2 HD,,ÓČKO EXPRES HD,,589,POLAR,polar.png,České,||,589,POLAR,polar.png,České,||,125,History Channel,127,https://services.mujtvprogram.cz/tvprogram2services/services/logoImageDownloader.php?p1=7d71be02a17f95f286b3feaa9bac2f7b&p2=80,cz
MTV Europe CZ,,MTV DE,,ÓČKO,,ÓČKO STAR,,MTV Europe CZ,,MTV DE,,ÓČKO,,ÓČKO STAR,,879,Rebel,rebel.png,České,185|33|,879,Rebel,rebel.png,České,185|33|,98,Discovery Science,128,https://services.mujtvprogram.cz/tvprogram2services/services/logoImageDownloader.php?p1=50445f7e728fcee74d6ae3cf26a10e01&p2=80,cz
MTV 00s,,MTV Europe CZ,,ÓČKO BLACK HD,,Penthouse Gold,,MTV 00s,,MTV Europe CZ,,ÓČKO BLACK HD,,Penthouse Gold,,889,PRAHA TV,prahatv.png,České,188||,889,PRAHA TV,prahatv.png,České,188||,755,CS History,129,https://services.mujtvprogram.cz/tvprogram2services/services/logoImageDownloader.php?p1=56c3885c06f7afa10cdbdde74bd2cacc&p2=80,cz
MTV 80s,,MTV 00s,,ÓČKO EXPRES HD,,Playboy TV Europe,,MTV 80s,,MTV 00s,,ÓČKO EXPRES HD,,Playboy TV Europe,,681,Náš REGION TV,nasregiontv.png,České,|35|,681,Náš REGION TV,nasregiontv.png,České,|35|,582,Travelxp HD,130,https://services.mujtvprogram.cz/tvprogram2services/services/logoImageDownloader.php?p1=caeabe147aa699c15c59110fa2ce9bef&p2=80,en
Náš region TV,,MTV 80s,,ÓČKO STAR,,Plus HD,,Náš region TV,,MTV 80s,,ÓČKO STAR,,Plus HD,,248,Retro Music,Retro.png,České,124|30|,248,Retro Music,Retro.png,České,124|30|,333,Prima ZOOM,132,https://services.mujtvprogram.cz/tvprogram2services/services/logoImageDownloader.php?p1=b6e1910c8b4528b6ce4a552add1ea837&p2=80,cz
National Geographic HD,,Náš region TV,,Paramount Network,,Prima PLUS HD,,National Geographic HD,,Náš region TV,,Paramount Network,,Prima PLUS HD,,252,RTM,rtm.png,České,||,252,RTM,rtm.png,České,||,207,Viasat Nature,134,https://services.mujtvprogram.cz/tvprogram2services/services/logoImageDownloader.php?p1=d25d1265a9805809cd7ba60783dd666c&p2=80,cz
National Geographic Wild,,National Geographic HD,,Penthouse Gold,,Rebel,,National Geographic Wild,,National Geographic HD,,Penthouse Gold,,Rebel,,1024,RT Ústecko,rt_ustecko.png,České,||,1024,RT Ústecko,rt_ustecko.png,České,||,14,Viasat History,135,https://services.mujtvprogram.cz/tvprogram2services/services/logoImageDownloader.php?p1=13cbd6322cbef4ccbf92bac33e2ba415&p2=80,cz
Nautical HD,,National Geographic Wild HD,,Playboy TV Europe,,RELAX,,Nautical HD,,National Geographic Wild HD,,Playboy TV Europe,,RELAX,,544,Slovácko,slovacko.png,České,||,544,Slovácko,slovacko.png,České,||,384,Investigation Discovery,136,https://services.mujtvprogram.cz/tvprogram2services/services/logoImageDownloader.php?p1=ba38b0a7435dae958e5de733973004dc&p2=80,cz
Newsmax HD,,Nautical HD,,Prima COOL HD,,Retro,,Newsmax HD,,Nautical HD,,Prima COOL HD,,Retro,,707,Nova Fun,nova_2.png,České,34|14|,707,Nova Fun,nova_2.png,České,34|14|,105,Travel Channel,137,https://services.mujtvprogram.cz/tvprogram2services/services/logoImageDownloader.php?p1=98ba5aa2f0524629d8e1545015ffb54f&p2=80,cz
Nickelodeon,,Newsmax HD,,Prima HD,,RTVS ŠPORT HD,,Nickelodeon,,Newsmax HD,,Prima HD,,RTVS ŠPORT HD,,7,Spektrum,spektrum.png,České,61|126|,7,Spektrum,spektrum.png,České,61|126|,10,Spektrum,139,https://services.mujtvprogram.cz/tvprogram2services/services/logoImageDownloader.php?p1=46a3495ba191cc4e08a7451b8d5ca5dd&p2=80,cz
Nickelodeon DE,,Nickelodeon,,Prima KRIMI HD,,RTVS 24 HD,,Nickelodeon DE,,Nickelodeon,,Prima KRIMI HD,,RTVS 24 HD,,77,Spektrum Home,spektrumhome.png,České,112||,77,Spektrum Home,spektrumhome.png,České,112||,30,Spektrum Home,140,https://services.mujtvprogram.cz/tvprogram2services/services/logoImageDownloader.php?p1=85da52bf2e7e3f8d31f74ef14b0cb82a&p2=80,cz
Nick Jr Czech,,Nickelodeon DE,,Prima LOVE HD,,Senzi,,Nick Jr Czech,,Nickelodeon DE,,Prima LOVE HD,,Senzi,,75,Sport1,sport1.png,České,79|104|,75,Sport1,sport1.png,České,79|104|,13,Viasat Explorer,141,https://services.mujtvprogram.cz/tvprogram2services/services/logoImageDownloader.php?p1=8b1078a2a5e66e1fc66863c0a54cd499&p2=80,cz
Nicktoons,,Nick Jr Czech,,Prima MAX HD,,Skylink 7,,Nicktoons,,Nick Jr Czech,,Prima MAX HD,,Skylink 7,,221,Sport2,sport2.png,České,80|105|,221,Sport2,sport2.png,České,80|105|,808,Love Nature HD,144,https://services.mujtvprogram.cz/tvprogram2services/services/logoImageDownloader.php?p1=d91a50abe9e154fad4be716760a11e51&p2=80,en
Nova Action HD,,Nicktoons,,Prima Show,,Sky News International,,Nova Action HD,,Nicktoons,,Prima Show,,Sky News International,,197,Sport 5,sport5.png,České,84|106|,197,Sport 5,sport5.png,České,84|106|,317,DocuBox,145,https://services.mujtvprogram.cz/tvprogram2services/services/logoImageDownloader.php?p1=782fd3bb0aaf3867bc18c399fe28f1d7&p2=80,en
Nova Cinema HD,,Nova International,,Prima STAR,,Spektrum HD,,Nova Cinema HD,,Nova International,,Prima STAR,,Spektrum HD,,684,Šlágr Originál,slagroriginal.png,České,120|31|,684,Šlágr Originál,slagroriginal.png,České,120|31|,570,UP Network,150,https://services.mujtvprogram.cz/tvprogram2services/services/logoImageDownloader.php?p1=5f14208e2f909f37a6b3686e601658b4&p2=80,cz
Nova Fun HD,,Nova Sport 1 HD,,Prima ZOOM HD,,Sport 1 DE,,Nova Fun HD,,Nova Sport 1 HD,,Prima ZOOM HD,,Sport 1 DE,,712,Nova Gold,nova_gold.png,České,35|13|,712,Nova Gold,nova_gold.png,České,35|13|,835,CANAL+ Domo,151,https://services.mujtvprogram.cz/tvprogram2services/services/logoImageDownloader.php?p1=3b6ae971a3e58a62d6fcd53f19696fad&p2=80,cz
Nova Gold,,Nova Sport 2 HD,,Rebel,,Sport 1 HD,,Nova Gold,,Nova Sport 2 HD,,Rebel,,Sport 1 HD,,207,The Fishing and Hunting,fishingandhunting.png,České,117||,207,The Fishing and Hunting,fishingandhunting.png,České,117||,757,CS Mystery,152,https://services.mujtvprogram.cz/tvprogram2services/services/logoImageDownloader.php?p1=2ac5f861a1f776dd20bff205cd073393&p2=80,cz
Nova HD,,ÓČKO,,RELAX,,Sport 2 HD,,Nova HD,,ÓČKO,,RELAX,,Sport 2 HD,,194,TIK,TIK.png,České,||,194,TIK,TIK.png,České,||,29,TV Paprika,153,https://services.mujtvprogram.cz/tvprogram2services/services/logoImageDownloader.php?p1=61d1d85856fbd7bdc0dc8b1090a50ae6&p2=80,cz
Nova Sport 1 HD,,ÓČKO BLACK HD,,Retro,,SPORT5,,Nova Sport 1 HD,,ÓČKO BLACK HD,,Retro,,SPORT5,,549,TLC,tlc.png,České,111|137|,549,TLC,tlc.png,České,111|137|,102,Fishing & Hunting,154,https://services.mujtvprogram.cz/tvprogram2services/services/logoImageDownloader.php?p1=c7de2df3c8b3e40cc59af7f696341cec&p2=80,cz
Nova Sport 2 HD,,ÓČKO EXPRES HD,,RTVS 24 HD,,Šláger Muzika,,Nova Sport 2 HD,,ÓČKO EXPRES HD,,RTVS 24 HD,,Šláger Muzika,,104,Travel Channel,travelch.png,České,49|133|,104,Travel Channel,travelch.png,České,49|133|,368,Crime & Investigation,155,https://services.mujtvprogram.cz/tvprogram2services/services/logoImageDownloader.php?p1=09b0e4393039647e27a1f7749ef9edc8&p2=80,cz
ÓČKO,,ÓČKO STAR,,Senzi,,Šláger Originál,,ÓČKO,,ÓČKO STAR,,Senzi,,Šláger Originál,,716,RELAX,relax.png,České,183|34|,716,RELAX,relax.png,České,183|34|,423,Mňam TV,156,https://services.mujtvprogram.cz/tvprogram2services/services/logoImageDownloader.php?p1=ddd8469fe80299db01ec4f90ee4911c5&p2=80,cz
ÓČKO BLACK HD,,Penthouse Gold,,Skylink 7,,Šlágr Premium HD,,ÓČKO BLACK HD,,Penthouse Gold,,Skylink 7,,Šlágr Premium HD,,878,regiony+,upcexpress.png,České,||,878,regiony+,upcexpress.png,České,||,410,E! Entertainment,159,https://services.mujtvprogram.cz/tvprogram2services/services/logoImageDownloader.php?p1=f6d7d5a74345a83697f7f2de2ff8dc65&p2=80,cz
ÓČKO EXPRES HD,,Penthouse Reality TV,,Sky News International,,TA3 HD,,ÓČKO EXPRES HD,,Penthouse Reality TV,,Sky News International,,TA3 HD,,706,V1,v1.png,České,||,706,V1,v1.png,České,||,119,Fashion TV,157,https://services.mujtvprogram.cz/tvprogram2services/services/logoImageDownloader.php?p1=7bfaa5386645ef6c8fbddd94d47f12d9&p2=80,en
ÓČKO STAR,,Playboy TV Europe,,Spektrum HD,,Travelxp HD,,ÓČKO STAR,,Playboy TV Europe,,Spektrum HD,,Travelxp HD,,69,Viasat Explorer,viasatexplore.png,České,53||,69,Viasat Explorer,viasatexplore.png,České,53||,471,Food Network,162,https://services.mujtvprogram.cz/tvprogram2services/services/logoImageDownloader.php?p1=2bc6e6eb5ae6dfa71b0d0ff63501466d&p2=80,cz
Paramount Network,,Plus HD,,Sport 1 DE,,TV Lux HD,,Paramount Network,,Plus HD,,Sport 1 DE,,TV Lux HD,,70,Viasat History,viasathistory.png,České,54|130|,70,Viasat History,viasathistory.png,České,54|130|,568,Mňau TV,164,https://services.mujtvprogram.cz/tvprogram2services/services/logoImageDownloader.php?p1=618f6448461bb9567fe7fe8e51e01ab7&p2=80,cz
Penthouse Gold,,Prima PLUS HD,,Sport 1 HD,,TV Noe,,Penthouse Gold,,Prima PLUS HD,,Sport 1 HD,,TV Noe,,249,Viasat Nature,viasatnature.png,České,55|129|,249,Viasat Nature,viasatnature.png,České,55|129|,338,FashionBox HD,165,,en
Penthouse Reality TV,,Rebel,,Sport 2 HD,,TV8 HD,,Penthouse Reality TV,,Rebel,,Sport 2 HD,,TV8 HD,,848,ZAK,zak.png,České,||,848,ZAK,zak.png,České,||,78,Nova Cinema,184,https://services.mujtvprogram.cz/tvprogram2services/services/logoImageDownloader.php?p1=171d42bbb605364a78987918bdcd06b3&p2=80,cz
Playboy TV Europe,,RELAX,,SPORT5,,UP NETWORK,,Playboy TV Europe,,RELAX,,SPORT5,,UP NETWORK,,228,Disney Channel,disneychannel.png,České,90|160|,228,Disney Channel,disneychannel.png,České,90|160|,15,CS Film,186,https://services.mujtvprogram.cz/tvprogram2services/services/logoImageDownloader.php?p1=0378bc778d9119b7b71e54b4f26b00f8&p2=80,cz
Prima COOL HD,,Retro,,Šláger Muzika,,Viasat Explore,,Prima COOL HD,,Retro,,Šláger Muzika,,Viasat Explore,,1138,Extasy,extasy.png,České,||,1138,Extasy,extasy.png,České,||,63,Film+,188,https://services.mujtvprogram.cz/tvprogram2services/services/logoImageDownloader.php?p1=6405d5794dcd14a21741af44a947b6d1&p2=80,cz
Prima HD,,RTVS ŠPORT HD,,Šláger Originál,,Viasat History HD,,Prima HD,,RTVS ŠPORT HD,,Šláger Originál,,Viasat History HD,,1023,JOJ Cinema,joj_cinema.png,České,40|70|,1023,JOJ Cinema,joj_cinema.png,České,40|70|,454,Kino Barrandov,189,https://services.mujtvprogram.cz/tvprogram2services/services/logoImageDownloader.php?p1=cf272e1353caa1c5b2a218139c203d2d&p2=80,cz
Prima KRIMI HD,,RTVS 24 HD,,Šlágr Premium HD,,Viasat Nature HD,,Prima KRIMI HD,,RTVS 24 HD,,Šlágr Premium HD,,Viasat Nature HD,,1140,O2TV Fotbal,o2tv_fotbal.png,České,71||,1140,O2TV Fotbal,o2tv_fotbal.png,České,71||,369,AXN Black,192,https://services.mujtvprogram.cz/tvprogram2services/services/logoImageDownloader.php?p1=dcce8445e7c707239857e2fb3213ea52&p2=80,cz
Prima LOVE HD,,Senzi,,TA3 HD,,VIXEN HD,,Prima LOVE HD,,Senzi,,TA3 HD,,VIXEN HD,,223,Investigation Discovery,id.png,České,59||,223,Investigation Discovery,id.png,České,59||,370,AXN White,193,https://services.mujtvprogram.cz/tvprogram2services/services/logoImageDownloader.php?p1=e4f5ce21e5c4ac42ff8a3c1d99ead13b&p2=80,cz
Prima MAX HD,,Skylink 7,,Televize Seznam,,WAU HD,,Prima MAX HD,,Skylink 7,,Televize Seznam,,WAU HD,,83,FashionTV,FashionTV.png,České,116||,83,FashionTV,FashionTV.png,České,116||,9,AXN,194,https://services.mujtvprogram.cz/tvprogram2services/services/logoImageDownloader.php?p1=206f0baaf3ae62b0fedd0c4150916af9&p2=80,cz
Prima Show,,Sky News International,,Travelxp HD,,,Prima Show,,Sky News International,,Travelxp HD,,,1141,JOJ Family,joj_family.png,České,45|48|,1141,JOJ Family,joj_family.png,České,45|48|,6,HBO2,196,https://services.mujtvprogram.cz/tvprogram2services/services/logoImageDownloader.php?p1=978d92c9ea2b035e3d55b592106c4bab&p2=80,cz
Prima STAR,,Spektrum HD,,TV Barrandov HD,,,Prima STAR,,Spektrum HD,,TV Barrandov HD,,,1148,Mňau TV,mnau.png,České,|41|,1148,Mňau TV,mnau.png,České,|41|,512,HBO3,197,https://services.mujtvprogram.cz/tvprogram2services/services/logoImageDownloader.php?p1=2e2ecd1433ea6e8c3ed4d99c7bcef5ad&p2=80,cz
Prima ZOOM HD,,Spektrum Home,,TV Lux HD,,,Prima ZOOM HD,,Spektrum Home,,TV Lux HD,,,1149,CS Film,csfilm.png,České,26||,1149,CS Film,csfilm.png,České,26||,7,Cinemax,198,https://services.mujtvprogram.cz/tvprogram2services/services/logoImageDownloader.php?p1=3cec25ae0771314599f5318ff16610bb&p2=80,cz
Rebel,,Sport 1 DE,,TV Noe,,,Rebel,,Sport 1 DE,,TV Noe,,,1161,O2TV Tenis,o2tv_tenis.png,České,72||,1161,O2TV Tenis,o2tv_tenis.png,České,72||,112,Cinemax 2,199,https://services.mujtvprogram.cz/tvprogram2services/services/logoImageDownloader.php?p1=17117b7e39721b3d81d91d635795eba5&p2=80,cz
RELAX,,Sport 1 HD,,TV8 HD,,,RELAX,,Sport 1 HD,,TV8 HD,,,1169,UP NETWORK,up_network.png,České,115|57|,1169,UP NETWORK,up_network.png,České,115|57|,5,HBO,200,https://services.mujtvprogram.cz/tvprogram2services/services/logoImageDownloader.php?p1=256d42b0fbf7431d5c080332fd09f963&p2=80,cz
Retro,,Sport 2 HD,,UP NETWORK,,,Retro,,Sport 2 HD,,UP NETWORK,,,1187,CS History,cshistory.png,České,||,1187,CS History,cshistory.png,České,||,816,Film Europe + HD,203,https://services.mujtvprogram.cz/tvprogram2services/services/logoImageDownloader.php?p1=90a8dc111210aa78cc7a0e31f01c96f7&p2=80,cz
RTVS 24 HD,,SPORT5,,Viasat Explore,,,RTVS 24 HD,,SPORT5,,Viasat Explore,,,1190,TV Brno 1,tvbrno1.png,České,||,1190,TV Brno 1,tvbrno1.png,České,||,121,FilmBox Extra HD,205,https://services.mujtvprogram.cz/tvprogram2services/services/logoImageDownloader.php?p1=094c1197addd33a645d3d81668bc6fe9&p2=80,cz
Senzi,,Stingray Classica HD,,Viasat History HD,,,Senzi,,Stingray Classica HD,,Viasat History HD,,,1192,Seznam.cz TV,seznamcztv.png,České,11||,1192,Seznam.cz TV,seznamcztv.png,České,11||,64,FilmBox,206,https://services.mujtvprogram.cz/tvprogram2services/services/logoImageDownloader.php?p1=f29d13d4b36e71c9a1e6499756ec2a97&p2=80,cz
Skylink 7,,Stingray CMusic,,Viasat Nature HD,,,Skylink 7,,Stingray CMusic,,Viasat Nature HD,,,708,Prima ZOOM,prima_zoom.png,České,8|18|,708,Prima ZOOM,prima_zoom.png,České,8|18|,65,FilmBox Plus,207,https://services.mujtvprogram.cz/tvprogram2services/services/logoImageDownloader.php?p1=ffa5c58c7c21beebcc26cdd54bff5f89&p2=80,cz
Sky News International,,Stingray iConcerts HD,,VIXEN HD,,,Sky News International,,Stingray iConcerts HD,,VIXEN HD,,,1198,Šlágr Muzika,slagrmuzika.png,České,||,1198,Šlágr Muzika,slagrmuzika.png,České,||,271,FilmBox Family,208,https://services.mujtvprogram.cz/tvprogram2services/services/logoImageDownloader.php?p1=90ff2af980995a625afa54398f16e93b&p2=80,cz
Spektrum HD,,Šláger Muzika,,,,Spektrum HD,,Šláger Muzika,,,,1199,Travelxp HD,travelxp.png,České,||,1199,Travelxp HD,travelxp.png,České,||,601,Epic Drama,209,https://services.mujtvprogram.cz/tvprogram2services/services/logoImageDownloader.php?p1=b45753e5445cae78d5108034155e5f2c&p2=80,cz
Spektrum Home,,Šláger Originál,,,,Spektrum Home,,Šláger Originál,,,,1206,Power TV,powertv.png,České,||,1206,Power TV,powertv.png,České,||,397,FilmBox Premium,214,https://services.mujtvprogram.cz/tvprogram2services/services/logoImageDownloader.php?p1=9d64faa8b43d7f33d32c4c95e274d4a0&p2=80,cz
Sport 1 DE,,Šlágr Premium HD,,,,Sport 1 DE,,Šlágr Premium HD,,,,1208,RTM plus Liberecko,rtmplus.png,České,||,1208,RTM plus Liberecko,rtmplus.png,České,||,394,AMC,216,https://services.mujtvprogram.cz/tvprogram2services/services/logoImageDownloader.php?p1=181ab2ae0a67e37a124ffc6e7c285693&p2=80,cz
Sport 1 HD,,TA3 HD,,,,Sport 1 HD,,TA3 HD,,,,1209,Epic Drama,epicdrama.png,České,36||,1209,Epic Drama,epicdrama.png,České,36||,756,CS Horror,217,https://services.mujtvprogram.cz/tvprogram2services/services/logoImageDownloader.php?p1=6253fdaa2cac2512b4d1c999257f8479&p2=80,cz
Sport 2 HD,,Travelxp HD,,,,Sport 2 HD,,Travelxp HD,,,,1213,Hobby TV,hobbytv.png,České,||,1213,Hobby TV,hobbytv.png,České,||,272,Film Europe,225,https://services.mujtvprogram.cz/tvprogram2services/services/logoImageDownloader.php?p1=bd9b2369268541fb93d4e66fcfa96549&p2=80,cz
SPORT5,,TV Lux HD,,,,SPORT5,,TV Lux HD,,,,1228,Park TV,parktv.png,České,||,1228,Park TV,parktv.png,České,||,357,ČT :D,316,https://services.mujtvprogram.cz/tvprogram2services/services/logoImageDownloader.php?p1=49deb09a8187efe4affc74274017f77b&p2=80,cz
Stingray Classica HD,,TV Noe,,,,Stingray Classica HD,,TV Noe,,,,1236,Top Kids,topkids.png,České,||,1236,Top Kids,topkids.png,České,||,31,Disney Channel,317,https://services.mujtvprogram.cz/tvprogram2services/services/logoImageDownloader.php?p1=1804d66c2d3b101b4bc5d70e93a837c2&p2=80,cz
Stingray CMusic,,TV Paprika,,,,Stingray CMusic,,TV Paprika,,,,1241,Leo TV Gold,leo_gold.png,České,||,1241,Leo TV Gold,leo_gold.png,České,||,77,JimJam,318,https://services.mujtvprogram.cz/tvprogram2services/services/logoImageDownloader.php?p1=f7a1a62bb85220c1543d18237187af81&p2=80,cz
Stingray iConcerts HD,,TV8 HD,,,,Stingray iConcerts HD,,TV8 HD,,,,1242,Óčko Black,ocko_black.png,České,122|28|,1242,Óčko Black,ocko_black.png,České,122|28|,32,Minimax,319,https://services.mujtvprogram.cz/tvprogram2services/services/logoImageDownloader.php?p1=a9796d9f8fb016a7c5a8e03b993b0cb9&p2=80,cz
Šláger Muzika,,UP NETWORK,,,,Šláger Muzika,,UP NETWORK,,,,1244,TV Natura,tvnatura.png,České,||,1244,TV Natura,tvnatura.png,České,||,355,Disney Junior,322,https://services.mujtvprogram.cz/tvprogram2services/services/logoImageDownloader.php?p1=f92320a5b4604bdc832b23f055933046&p2=80,en
Šláger Originál,,Viasat Explore,,,,Šláger Originál,,Viasat Explore,,,,1245,Lala TV,lalatv.png,České,||,1245,Lala TV,lalatv.png,České,||,376,Ginx eSports TV,324,https://services.mujtvprogram.cz/tvprogram2services/services/logoImageDownloader.php?p1=8eda5979c1e6a9d668a2c137810ad681&p2=80,en
Šlágr Premium HD,,Viasat History HD,,,,Šlágr Premium HD,,Viasat History HD,,,,1271,Nickelodeon (affiliate),nickelodeon.png,České,||,1271,Nickelodeon (affiliate),nickelodeon.png,České,||,109,Ducktv,325,https://services.mujtvprogram.cz/tvprogram2services/services/logoImageDownloader.php?p1=c41009da991fa34dd6a3838f023a95db&p2=80,sk
TA3 HD,,Viasat Nature HD,,,,TA3 HD,,Viasat Nature HD,,,,168,Cartoon Network,CNT.png,České,||,168,Cartoon Network,CNT.png,České,||,73,Boomerang,327,https://services.mujtvprogram.cz/tvprogram2services/services/logoImageDownloader.php?p1=ffd005bf07fcb0e034d255c1ea53d407&p2=80,en
Televize Seznam,,Vivid TV Europe,,,,Televize Seznam,,Vivid TV Europe,,,,1272,Lounge TV,loungetv.png,České,||,1272,Lounge TV,loungetv.png,České,||,398,Jojko,328,https://services.mujtvprogram.cz/tvprogram2services/services/logoImageDownloader.php?p1=844f6dc14d61dd5965f197c6020b5fcb&p2=80,sk
Travelxp HD,,VIXEN HD,,,,Travelxp HD,,VIXEN HD,,,,1314,Nicktoons,nicktoons.png,České,||,1314,Nicktoons,nicktoons.png,České,||,108,Baby TV,329,https://services.mujtvprogram.cz/tvprogram2services/services/logoImageDownloader.php?p1=7419cc50113d014caae9363fcc3cc067&p2=80,en
TV Barrandov HD,,WAU HD,,,,TV Barrandov HD,,WAU HD,,,,1320,Love Nature,lovenature.png,České,||,1320,Love Nature,lovenature.png,České,||,326,Cartoon Network,332,https://services.mujtvprogram.cz/tvprogram2services/services/logoImageDownloader.php?p1=9859d11592ac520dd0f738a8a3c0f662&p2=80,cz
TV Lux HD,,,,,TV Lux HD,,,,,1333,ČT3,ct3.png,České,||,1333,ČT3,ct3.png,České,||,624,Nickelodeon,334,https://services.mujtvprogram.cz/tvprogram2services/services/logoImageDownloader.php?p1=991b80efeb8cec05d61213d8d1820eef&p2=80,cz
TV Noe,,,,,TV Noe,,,,,1338,CNN Prima News,cnnprima.png,České,||,1338,CNN Prima News,cnnprima.png,České,||,622,Nick Jr. Czech,335,https://services.mujtvprogram.cz/tvprogram2services/services/logoImageDownloader.php?p1=5f4ddcb70e7b7be962748d13ce162561&p2=80,cz
TV Paprika,,,,,TV Paprika,,,,,1337,ABC TV,abctv.png,České,||,1337,ABC TV,abctv.png,České,||,759,Nicktoons,336,https://services.mujtvprogram.cz/tvprogram2services/services/logoImageDownloader.php?p1=7a38a2357ec572283831961a47f46e92&p2=80,cz
TV8 HD,,,,,TV8 HD,,,,,1341,Film Europe +,filmeuropeplus.png,České,||,1341,Film Europe +,filmeuropeplus.png,České,||,728,LALA TV,336,https://services.mujtvprogram.cz/tvprogram2services/services/logoImageDownloader.php?p1=29814e891919655c74f472bd00501ea0&p2=80,cz
UP NETWORK,,,,,UP NETWORK,,,,,572,Nick Jr.,nickjr.png,České,92|167|,572,Nick Jr.,nickjr.png,České,92|167|,233,Stingray Classica,350,https://services.mujtvprogram.cz/tvprogram2services/services/logoImageDownloader.php?p1=661af53f8f3b997611c29f844c7006fd&p2=80,en
Viasat Explore,,,,,Viasat Explore,,,,,1367,Šlágr Premium,slagrpremium.png,České,||,1367,Šlágr Premium,slagrpremium.png,České,||,234,Stingray iConcerts,351,https://services.mujtvprogram.cz/tvprogram2services/services/logoImageDownloader.php?p1=99c87946872c81f46190c77af7cd1d89&p2=80,en
Viasat History HD,,,,,Viasat History HD,,,,,1449,Canal+ Domo,canal_domo.png,České,||,1449,Canal+ Domo,canal_domo.png,České,||,66,MTV 00s,352,https://services.mujtvprogram.cz/tvprogram2services/services/logoImageDownloader.php?p1=9deac106d859eca97e7d7816302dd5c0&p2=80,en
Viasat Nature HD,,,,,Viasat Nature HD,,,,,1513,Prima Star,prima_star.png,České,||,1513,Prima Star,prima_star.png,České,||,106,MTV 80s,353,https://services.mujtvprogram.cz/tvprogram2services/services/logoImageDownloader.php?p1=82d61cd2f24941449ccea01018a9c26d&p2=80,en
Vivid TV Europe,,,,,Vivid TV Europe,,,,,1520,Nova Sport 3,nova_sport_3.png,České,||,1520,Nova Sport 3,nova_sport_3.png,České,||,364,Senzi,354,https://services.mujtvprogram.cz/tvprogram2services/services/logoImageDownloader.php?p1=6e2d5618d8cabcdc95105f08e8bb46e2&p2=80,sk
VIXEN HD,,,,,VIXEN HD,,,,,1521,Nova Sport 4,nova_sport_4.png,České,||,1521,Nova Sport 4,nova_sport_4.png,České,||,699,Power TV,355,https://services.mujtvprogram.cz/tvprogram2services/services/logoImageDownloader.php?p1=40b6e6db6572fd6e39e4a29a2e4ea166&p2=80,cz
,,,,,,,,1522,Premier Sport 2,premiersport2.png,České,||,1522,Premier Sport 2,premiersport2.png,České,||,232,MTV Live HD,358,https://services.mujtvprogram.cz/tvprogram2services/services/logoImageDownloader.php?p1=50afa67f9cc8ba3fb582be8c144ad602&p2=80,en
,,,,,,,,15290,Nova Lady,novalady.png,České,||,15290,Nova Lady,novalady.png,České,||,149,MTV Europe CZ,359,https://services.mujtvprogram.cz/tvprogram2services/services/logoImageDownloader.php?p1=8339c5610fb20cf8b4e5665629e74fae&p2=80,cz
,,,,,,,,15292,Prima Show,prima_show.png,České,||,15292,Prima Show,prima_show.png,České,||,131,Club MTV,360,https://services.mujtvprogram.cz/tvprogram2services/services/logoImageDownloader.php?p1=27e7dbe166967d96e2a6435897f75f29&p2=80,en
,,,,,,,,15297,O2TV Sport5,o2tv_sport5.png,České,||,15297,O2TV Sport5,o2tv_sport5.png,České,||,158,MTV 90s,361,https://services.mujtvprogram.cz/tvprogram2services/services/logoImageDownloader.php?p1=0be43cccc1f96e3923354014116d07aa&p2=80,en
,,,,,,,,15298,O2TV Sport6,o2tv_sport65.png,České,||,15298,O2TV Sport6,o2tv_sport65.png,České,||,159,MTV Hits,362,https://services.mujtvprogram.cz/tvprogram2services/services/logoImageDownloader.php?p1=1f8effe964d4a3046cfeff9ef2946195&p2=80,en
,,,,,,,,15299,Extasy 4K Platinum,extasy4k.png,České,||,15299,Extasy 4K Platinum,extasy4k.png,České,||,206,Retro,363,https://services.mujtvprogram.cz/tvprogram2services/services/logoImageDownloader.php?p1=355e24aea9fbc0e5c4fc7d5dfb882194&p2=80,cz
,,,,,,,,15322,HGTV,hgtv.png,České,||,15322,HGTV,hgtv.png,České,||,67,Mezzo,364,https://services.mujtvprogram.cz/tvprogram2services/services/logoImageDownloader.php?p1=f38d12b7f31bca39abb7db4587a78647&p2=80,cz
,,,,,,,,15237,O2TV Sport3,o2tv_sport3.png,České,||,15237,O2TV Sport3,o2tv_sport3.png,České,||,20,MTV Europe,365,https://services.mujtvprogram.cz/tvprogram2services/services/logoImageDownloader.php?p1=d2dd7c5975b51cb388666c3758fb7159&p2=80,cz
,,,,,,,,15238,O2TV Sport4,o2tv_sport4.png,České,||,15238,O2TV Sport4,o2tv_sport4.png,České,||,367,360TuneBox,366,,en
,,,,,,,,15239,O2TV Sport2,o2tv_sport2.png,České,||,15239,O2TV Sport2,o2tv_sport2.png,České,||,727,Óčko Black HD,369,https://services.mujtvprogram.cz/tvprogram2services/services/logoImageDownloader.php?p1=837622a6d6ce69dd8c568888aaaaae60&p2=80,cz
,,,,,,,,15408,Poslanecká sněmovna ČR,pspcz.png,České,||,15408,Poslanecká sněmovna ČR,pspcz.png,České,||,19,ÓČKO,370,https://services.mujtvprogram.cz/tvprogram2services/services/logoImageDownloader.php?p1=53dc07653d530076f167ea95490e5bca&p2=80,cz
,,,,,,,,15410,UTV,utv.png,České,||,15410,UTV,utv.png,České,||,365,Rebel,371,https://services.mujtvprogram.cz/tvprogram2services/services/logoImageDownloader.php?p1=5e0df0df1e7e319815dc87f47a8dcbfa&p2=80,cz
,,,,,,,,15412,Canal+ Sport,canalplussport.png,České,||,15412,Canal+ Sport,canalplussport.png,České,||,235,Deluxe Music,373,https://services.mujtvprogram.cz/tvprogram2services/services/logoImageDownloader.php?p1=6de8c49ce5f612790d92730bb91d8a9a&p2=80,en
,,,,,,,,687,Arena Sport 1,arenasport.png,Slovenské,|110|,687,Arena Sport 1,arenasport.png,Slovenské,|110|,371,ÓČKO EXPRES,374,https://services.mujtvprogram.cz/tvprogram2services/services/logoImageDownloader.php?p1=d3e92d9b489c94da42fc211d902fba93&p2=80,cz
,,,,,,,,800,Arena Sport 2,arenasport2.png,Slovenské,||,800,Arena Sport 2,arenasport2.png,Slovenské,||,110,Stingray CMusic,375,https://services.mujtvprogram.cz/tvprogram2services/services/logoImageDownloader.php?p1=b323f2ad3200cb938b43bed58dd8fbf9&p2=80,en
,,,,,,,,150,duck.tv,ducktv.png,Slovenské,98|163|,150,duck.tv,ducktv.png,Slovenské,98|163|,352,ÓČKO STAR,376,https://services.mujtvprogram.cz/tvprogram2services/services/logoImageDownloader.php?p1=460ca6f9fc6e5e67e423f483ca1efa28&p2=80,cz
,,,,,,,,222,ducktv,ducktv.png,Slovenské,||,222,ducktv,ducktv.png,Slovenské,||,383,Mezzo Live HD,377,https://services.mujtvprogram.cz/tvprogram2services/services/logoImageDownloader.php?p1=3908ce66327022c16ae2a9073b585c43&p2=80,en
,,,,,,,,524,CETV,cetv.png,Slovenské,||,524,CETV,cetv.png,Slovenské,||,841,Šlágr Premium,378,https://services.mujtvprogram.cz/tvprogram2services/services/logoImageDownloader.php?p1=d68a50deaed130de7bd33ad0f189589a&p2=80,cz
,,,,,,,,985,Premier Sport 1,premiersport.png,Slovenské,||,985,Premier Sport 1,premiersport.png,Slovenské,||,892,Vixen,394,https://services.mujtvprogram.cz/tvprogram2services/services/logoImageDownloader.php?p1=4499ebafb26a915859febcb4306703ca&p2=80,en
,,,,,,,,225,Doma,doma.png,Slovenské,|501|,225,Doma,doma.png,Slovenské,|501|,377,Brazzers TV Europe,395,https://services.mujtvprogram.cz/tvprogram2services/services/logoImageDownloader.php?p1=afa748221b5ca190f07ccd80165aa3c6&p2=80,en
,,,,,,,,33,JOJ,JOJ.png,Slovenské,13||,33,JOJ,JOJ.png,Slovenské,13||,72,Hustler,396,https://services.mujtvprogram.cz/tvprogram2services/services/logoImageDownloader.php?p1=0bd717f5b87b04bc1e39b886a492567d&p2=80,en
,,,,,,,,206,JOJ Plus,joj_plus.png,Slovenské,15|505|,206,JOJ Plus,joj_plus.png,Slovenské,15|505|,127,LEO TV,397,https://services.mujtvprogram.cz/tvprogram2services/services/logoImageDownloader.php?p1=f71b0fb59b7e005fd9e060eea105750e&p2=80,cz
,,,,,,,,1013,TV9 KTV,tv9.png,Slovenské,||,1013,TV9 KTV,tv9.png,Slovenské,||,328,EroXXX HD,399,https://services.mujtvprogram.cz/tvprogram2services/services/logoImageDownloader.php?p1=dee396776bc113f556347793d23e8731&p2=80,en
,,,,,,,,142,Liptov,liptov.png,Slovenské,||,142,Liptov,liptov.png,Slovenské,||,74,Private TV,400,https://services.mujtvprogram.cz/tvprogram2services/services/logoImageDownloader.php?p1=79ac117d490302b81ab08c8c3a682a64&p2=80,en
,,,,,,,,191,Lux,lux.png,Slovenské,|54|,191,Lux,lux.png,Slovenské,|54|,146,Blue Hustler,401,https://services.mujtvprogram.cz/tvprogram2services/services/logoImageDownloader.php?p1=1388992aba6750aeeb12fa042586de82&p2=80,en
,,,,,,,,8,Markíza,markiza.png,Slovenské,14|500|,8,Markíza,markiza.png,Slovenské,14|500|,300,Erox HD,402,https://services.mujtvprogram.cz/tvprogram2services/services/logoImageDownloader.php?p1=3826a98d95f23374ac25adfb13bdc4f6&p2=80,en
,,,,,,,,1124,Markíza International,markiza_international.png,Slovenské,135|47|,1124,Markíza International,markiza_international.png,Slovenské,135|47|,103,Playboy,403,,en
,,,,,,,,1127,Rádio Vlna,vlna.png,Slovenské,|2020|,1127,Rádio Vlna,vlna.png,Slovenské,|2020|,533,Dorcel TV,404,https://services.mujtvprogram.cz/tvprogram2services/services/logoImageDownloader.php?p1=f710f096d8a1ccb88bedbf3d8f6c0c9c&p2=80,en
,,,,,,,,999,Jojko,jojko.png,Slovenské,|166|,999,Jojko,jojko.png,Slovenské,|166|,761,Dorcel XXX,405,https://services.mujtvprogram.cz/tvprogram2services/services/logoImageDownloader.php?p1=5ef2c19dd1070d963592331a1ff4c6aa&p2=80,en
,,,,,,,,833,SENZI,senzi.png,Slovenské,|32|,833,SENZI,senzi.png,Slovenské,|32|,323,CBS Reality,588,https://services.mujtvprogram.cz/tvprogram2services/services/logoImageDownloader.php?p1=43b7d9719218e79c4331ce1e488260a5&p2=80,cz
,,,,,,,,10,STV1,STV1.png,Slovenské,44|45|,10,STV1,STV1.png,Slovenské,44|45|,276,TLC,591,https://services.mujtvprogram.cz/tvprogram2services/services/logoImageDownloader.php?p1=4425e4caeaf9607e60681d9ff33952c4&p2=80,cz
,,,,,,,,11,STV2,STV2.png,Slovenské,|46|,11,STV2,STV2.png,Slovenské,|46|,132,Music Box,613,https://services.mujtvprogram.cz/tvprogram2services/services/logoImageDownloader.php?p1=2ec218a14fb1aa2abac4ceee2c031f6d&p2=80,en
,,,,,,,,42,TA3,ta3.png,Slovenské,144|53|,42,TA3,ta3.png,Slovenské,144|53|,,,,,
,,,,,,,,1021,Ťuki,tuki.png,Slovenské,||,1021,Ťuki,tuki.png,Slovenské,||,,,,,
,,,,,,,,241,TV OSEM,tv8.png,Slovenské,9|55|,241,TV OSEM,tv8.png,Slovenské,9|55|,,,,,
,,,,,,,,735,TV Bratislava,tvba.png,Slovenské,||,735,TV Bratislava,tvba.png,Slovenské,||,,,,,
,,,,,,,,683,TV DAJTO,dajto.png,Slovenské,|502|,683,TV DAJTO,dajto.png,Slovenské,|502|,,,,,
,,,,,,,,718,WAU,wau.png,Slovenské,|506|,718,WAU,wau.png,Slovenské,|506|,,,,,
,,,,,,,,1143,Spartak TV,spartak.png,Slovenské,||,1143,Spartak TV,spartak.png,Slovenské,||,,,,,
,,,,,,,,1146,LifeTV,lifetv.png,Slovenské,||,1146,LifeTV,lifetv.png,Slovenské,||,,,,,
,,,,,,,,1162,Prima Plus,prima_plus.png,Slovenské,|507|,1162,Prima Plus,prima_plus.png,Slovenské,|507|,,,,,
,,,,,,,,1164,Severka,severka.png,Slovenské,||,1164,Severka,severka.png,Slovenské,||,,,,,
,,,,,,,,1165,Vega,vega.png,Slovenské,||,1165,Vega,vega.png,Slovenské,||,,,,,
,,,,,,,,1173,TV Považie,povazie.png,Slovenské,||,1173,TV Považie,povazie.png,Slovenské,||,,,,,
,,,,,,,,1174,TV RAJ,tv_raj.png,Slovenské,||,1174,TV RAJ,tv_raj.png,Slovenské,||,,,,,
,,,,,,,,1193,Městská televize Trnava,mtt.png,Slovenské,||,1193,Městská televize Trnava,mtt.png,Slovenské,||,,,,,
,,,,,,,,1194,TV7,tv7.png,Slovenské,||,1194,TV7,tv7.png,Slovenské,||,,,,,
,,,,,,,,1211,KOŠICE:DNES,kosicednes.png,Slovenské,||,1211,KOŠICE:DNES,kosicednes.png,Slovenské,||,,,,,
,,,,,,,,1239,Mestská televízia Ružomberok,ruzomberok.png,Slovenské,||,1239,Mestská televízia Ružomberok,ruzomberok.png,Slovenské,||,,,,,
,,,,,,,,1240,TV Levoča,levoca.png,Slovenské,||,1240,TV Levoča,levoca.png,Slovenské,||,,,,,
,,,,,,,,1305,Orange Sport HD,orangesport.png,Slovenské,||,1305,Orange Sport HD,orangesport.png,Slovenské,||,,,,,
,,,,,,,,1306,Orange Sport 2 HD,orangesport2.png,Slovenské,||,1306,Orange Sport 2 HD,orangesport2.png,Slovenské,||,,,,,
,,,,,,,,1307,Orange Sport 3 HD,orangesport3.png,Slovenské,||,1307,Orange Sport 3 HD,orangesport3.png,Slovenské,||,,,,,
,,,,,,,,1308,Orange Sport 4 HD,orangesport4.png,Slovenské,||,1308,Orange Sport 4 HD,orangesport4.png,Slovenské,||,,,,,
,,,,,,,,1309,Folklorika,folklorika.png,Slovenské,||,1309,Folklorika,folklorika.png,Slovenské,||,,,,,
,,,,,,,,1310,Senior,tvsenior.png,Slovenské,||,1310,Senior,tvsenior.png,Slovenské,||,,,,,
,,,,,,,,1125,Nova International,nova_international.png,Slovenské,|508|,1125,Nova International,nova_international.png,Slovenské,|508|,,,,,
,,,,,,,,1323,ducktv plus,ducktvplus.png,Slovenské,||,1323,ducktv plus,ducktvplus.png,Slovenské,||,,,,,
,,,,,,,,15291,JOJ Šport,joj_sport.png,Slovenské,||,15291,JOJ Šport,joj_sport.png,Slovenské,||,,,,,
,,,,,,,,1253,TV Ružinov,ruzinov.png,Slovenské,||,1253,TV Ružinov,ruzinov.png,Slovenské,||,,,,,
,,,,,,,,1315,Zemplín,zemplin.png,Slovenské,||,1315,Zemplín,zemplin.png,Slovenské,||,,,,,
,,,,,,,,1324,RTVS 24,rtvs24.png,Slovenské,||,1324,RTVS 24,rtvs24.png,Slovenské,||,,,,,
,,,,,,,,1326,Romana,romana.png,Slovenské,||,1326,Romana,romana.png,Slovenské,||,,,,,
,,,,,,,,1363,HaHa TV,hahatv.png,Slovenské,||,1363,HaHa TV,hahatv.png,Slovenské,||,,,,,
,,,,,,,,1364,Televízia Východ,tvvychod.png,Slovenské,||,1364,Televízia Východ,tvvychod.png,Slovenské,||,,,,,
,,,,,,,,1408,Rik TV,rik.png,Slovenské,||,1408,Rik TV,rik.png,Slovenské,||,,,,,
,,,,,,,,1472,B in Balance (sk),bib.png,Slovenské,||,1472,B in Balance (sk),bib.png,Slovenské,||,,,,,
,,,,,,,,1502,Chuck TV,chucktv.png,Slovenské,||,1502,Chuck TV,chucktv.png,Slovenské,||,,,,,
,,,,,,,,1512,RTVS Šport,rtvs_sport.png,Slovenské,||,1512,RTVS Šport,rtvs_sport.png,Slovenské,||,,,,,
,,,,,,,,1514,ArcadiaTV,arcadia.png,Slovenské,||,1514,ArcadiaTV,arcadia.png,Slovenské,||,,,,,
,,,,,,,,15321,TV SEN,tvsen.png,Slovenské,||,15321,TV SEN,tvsen.png,Slovenské,||,,,,,
,,,,,,,,15402,Markíza KRIMI,markiza_krimi.png,Slovenské,||,15402,Markíza KRIMI,markiza_krimi.png,Slovenské,||,,,,,
,,,,,,,,15403,volant.tv,volanttv.png,Slovenské,||,15403,volant.tv,volanttv.png,Slovenské,||,,,,,
,,,,,,,,15409,Západoslovenská televízia,zapadoslovenskatv.png,Slovenské,||,15409,Západoslovenská televízia,zapadoslovenskatv.png,Slovenské,||,,,,,
,,,,,,,,15426,RTV PD,rtvpd.png,Slovenské,||,15426,RTV PD,rtvpd.png,Slovenské,||,,,,,
,,,,,,,,15427,Šuriansky spravodaj,surianskyspravodaj.png,Slovenské,||,15427,Šuriansky spravodaj,surianskyspravodaj.png,Slovenské,||,,,,,
,,,,,,,,15428,TDT,tdt.png,Slovenské,||,15428,TDT,tdt.png,Slovenské,||,,,,,
,,,,,,,,15429,Televízia Dolný Kubín,dolnykubin.png,Slovenské,||,15429,Televízia Dolný Kubín,dolnykubin.png,Slovenské,||,,,,,
,,,,,,,,15430,Rimava,rimava.png,Slovenské,||,15430,Rimava,rimava.png,Slovenské,||,,,,,
,,,,,,,,15431,Florena,florena.png,Slovenské,||,15431,Florena,florena.png,Slovenské,||,,,,,
,,,,,,,,15440,Turbo TV,turbotv.png,Slovenské,||,15440,Turbo TV,turbotv.png,Slovenské,||,,,,,
,,,,,,,,15441,JOJ 24,joj_24.png,Slovenské,||,15441,JOJ 24,joj_24.png,Slovenské,||,,,,,
,,,,,,,,15450,TV Hronka,hronka.png,Slovenské,||,15450,TV Hronka,hronka.png,Slovenské,||,,,,,
,,,,,842,Cartoon Network (pl),CNT.png,Poľské,||,,,,,
,,,,,691,Eska TV,eskatv.png,Poľské,||,,,,,
,,,,,692,Kino Polska,kinopolska.png,Poľské,||,,,,,
,,,,,843,ONTV,ontv.png,Poľské,||,,,,,
,,,,,34,Polsat,polsat.png,Poľské,||,,,,,
,,,,,124,Polsat 2,polsat2.png,Poľské,||,,,,,
,,,,,14,Polonia,polonia.png,Poľské,161||,,,,,
,,,,,693,Polsat Café,polsatcafe.png,Poľské,||,,,,,
,,,,,694,Polsat News,polsatnews.png,Poľské,||,,,,,
,,,,,695,Polsat Play,polsatplay.png,Poľské,||,,,,,
,,,,,869,Polsat Romans,romans.png,Poľské,||,,,,,
,,,,,696,Polsat Film,polsatfilm.png,Poľské,||,,,,,
,,,,,697,Polsat Sport,polsatsport.png,Poľské,||,,,,,
,,,,,698,Polsat Sport Extra,polsatsportextra.png,Poľské,||,,,,,
,,,,,565,Polsat Sport News,polsatsportnews.png,Poľské,||,,,,,
,,,,,688,Puls 2,puls2.png,Poľské,||,,,,,
,,,,,700,Tele5,tele5.png,Poľské,||,,,,,
,,,,,50,TVN,TVN.png,Poľské,||,,,,,
,,,,,48,TVN7,TVN7.png,Poľské,||,,,,,
,,,,,12,TVP1,TVP1.png,Poľské,||,,,,,
,,,,,13,TVP2,TVP2.png,Poľské,||,,,,,
,,,,,196,TVP Info,tvpinfo.png,Poľské,||,,,,,
,,,,,98,TVP Sport,tvpsport.png,Poľské,||,,,,,
,,,,,99,TVP Kultura,tvpkultura.png,Poľské,||,,,,,
,,,,,100,TVP Historia,tvphist.png,Poľské,||,,,,,
,,,,,546,TV4,tv4.png,Poľské,||,,,,,
,,,,,566,TV6,tv6.png,Poľské,||,,,,,
,,,,,547,TV Puls,puls.png,Poľské,||,,,,,
,,,,,629,TVP Seriale,tvpseriale.png,Poľské,||,,,,,
,,,,,630,TVP3 Warszawa,tvp3_warszawa.png,Poľské,||,,,,,
,,,,,631,TVP HD,tvphd.png,Poľské,||,,,,,
,,,,,632,TV Bialorus,tvbialorus.png,Poľské,||,,,,,
,,,,,834,TVP Rozrywka,tvprozrywka.png,Poľské,||,,,,,
,,,,,844,TVS,tvs.png,Poľské,||,,,,,
,,,,,1139,TVP3,TVP3.png,Poľské,||,,,,,
,,,,,1168,Polsat 1,polsat1.png,Poľské,||,,,,,
,,,,,1172,Super Polsat,superpolsat.png,Poľské,||,,,,,
,,,,,1224,Polsat News 2,polsatnews2.png,Poľské,||,,,,,
,,,,,1225,TBN Poland,tbn.png,Poľské,||,,,,,
,,,,,1226,TVN24,tvn24.png,Poľské,||,,,,,
,,,,,1243,TVN Turbo,tvnturbo.png,Poľské,||,,,,,
,,,,,1254,TVP ABC,tvpabc.png,Poľské,||,,,,,
,,,,,1255,TTV,ttv.png,Poľské,||,,,,,
,,,,,1257,Polo TV,polotv.png,Poľské,||,,,,,
,,,,,1258,TV Trwam,tvtrwam.png,Poľské,||,,,,,
,,,,,1259,Stopklatka TV,stopklatkatv.png,Poľské,||,,,,,
,,,,,1260,Fokus TV,fokustv.png,Poľské,||,,,,,
,,,,,1311,Red Carpet,redcarpet.png,Poľské,||,,,,,
,,,,,1312,TVT,tvt.png,Poľské,||,,,,,
,,,,,1313,Stars TV,starstv.png,Poľské,||,,,,,
,,,,,1322,dlaCiebie.tv,dlaciebietv.png,Poľské,||,,,,,
,,,,,1344,Nowa TV,nowa.png,Poľské,||,,,,,
,,,,,1345,Eska TV Extra,eskatvextra.png,Poľské,||,,,,,
,,,,,1346,Polsat Music,polsatmusic.png,Poľské,||,,,,,
,,,,,1347,Eska Rock,eskarock.png,Poľské,||,,,,,
,,,,,1348,Polsat Games,polsatgames.png,Poľské,||,,,,,
,,,,,1349,VOX Music TV,voxmusic.png,Poľské,||,,,,,
,,,,,1350,Polsat Rodzina,polsatrodzina.png,Poľské,||,,,,,
,,,,,1351,Polsat Doku,polsatdoku.png,Poľské,||,,,,,
,,,,,1352,Disco Polo Music,discopolomusic.png,Poľské,||,,,,,
,,,,,1353,Superstacja,superstacja.png,Poľské,||,,,,,
,,,,,1354,Polsat Sport Fight,polsatsportfight.png,Poľské,||,,,,,
,,,,,1355,Polsat Seriale,polsatseriale.png,Poľské,||,,,,,
,,,,,1360,Polonia 1,polonia1.png,Poľské,||,,,,,
,,,,,1374,4Fun.TV,4funtv.png,Poľské,||,,,,,
,,,,,1375,4Fun Kids,4funkids.png,Poľské,||,,,,,
,,,,,1376,4Fun Dance,4fundance.png,Poľské,||,,,,,
,,,,,1378,Telewizja Republika,republika.png,Poľské,||,,,,,
,,,,,1379,EZO TV,ezotv.png,Poľské,||,,,,,
,,,,,1388,Power TV (pl),powertv.png,Poľské,||,,,,,
,,,,,1389,Adventure TV (pl),adventuretv.png,Poľské,||,,,,,
,,,,,1390,Nuta.TV,nutatv.png,Poľské,||,,,,,
,,,,,1391,Top Kids (pl),topkids.png,Poľské,||,,,,,
,,,,,1392,Junior Music,juniormusic.png,Poľské,||,,,,,
,,,,,1393,Biznes24,biznes24.png,Poľské,||,,,,,
,,,,,1394,TVC,tvc.png,Poľské,||,,,,,
,,,,,1395,Xtreme TV,xtremetv.png,Poľské,||,,,,,
,,,,,1396,Home TV,hometv.png,Poľské,||,,,,,
,,,,,1397,Gold TV,goldtv.png,Poľské,||,,,,,
,,,,,1398,Kino TV,kinotv.png,Poľské,||,,,,,
,,,,,1399,Filmbox Premium (pl),filmbox-premium.png,Poľské,||,,,,,
,,,,,1400,Filmbox Family (pl),filmboxfamily.png,Poľské,||,,,,,
,,,,,1401,Filmbox Extra HD (pl),filmboxhd.png,Poľské,||,,,,,
,,,,,1402,Filmbox Action (pl),filmboxaction.png,Poľské,||,,,,,
,,,,,1403,Water Planet,waterplanet.png,Poľské,||,,,,,
,,,,,1404,Novela tv,novelatv.png,Poľské,||,,,,,
,,,,,1405,wPolsce.pl,wpolscepl.png,Poľské,||,,,,,
,,,,,1406,JAZZ HD,jazzhd.png,Poľské,||,,,,,
,,,,,1429,EWTN,ewtn.png,Poľské,||,,,,,
,,,,,1440,Filmax,filmax.png,Poľské,||,,,,,
,,,,,1371,Zoom TV,zoomtv.png,Poľské,||,,,,,
,,,,,1407,Twoja TV,twojatv.png,Poľské,||,,,,,
,,,,,1445,Eurochannel (pl),eurochannel.png,Poľské,||,,,,,
,,,,,1450,Polsat Viasat Nature (pl),viasatnature.png,Poľské,||,,,,,
,,,,,1451,Polsat Viasat History (pl),viasathistory.png,Poľské,||,,,,,
,,,,,1452,Polsat Viasat Explore (pl),viasatexplore.png,Poľské,||,,,,,
,,,,,1453,Epic Drama (pl),epicdrama.png,Poľské,||,,,,,
,,,,,1467,2x2,2x2.png,Poľské,||,,,,,
,,,,,1470,Mixtape,mixtape.png,Poľské,||,,,,,
,,,,,1473,DocuBox HD (pl),docubox.png,Poľské,||,,,,,
,,,,,1474,Romance TV,romance.png,Poľské,||,,,,,
,,,,,1484,History (pl),history.png,Poľské,||,,,,,
,,,,,1485,TVP3 Gdańsk,tvp3_gdansk.png,Poľské,||,,,,,
,,,,,1486,TVP3 Szczecin,tvp3_szczecin.png,Poľské,||,,,,,
,,,,,1487,TVP3 Poznań,tvp3_poznan.png,Poľské,||,,,,,
,,,,,1488,TVP3 Białystok,tvp3_bialystok.png,Poľské,||,,,,,
,,,,,1489,TVP3 Olsztyn,tvp3_olsztyn.png,Poľské,||,,,,,
,,,,,1490,TVP3 Bydgoszcz,tvp3_bydgoszcz.png,Poľské,||,,,,,
,,,,,1491,TVP3 Gorzów Wielkopolski,tvp3_gorzow.png,Poľské,||,,,,,
,,,,,1492,TVP3 Lublin,tvp3_lublin.png,Poľské,||,,,,,
,,,,,1493,TVP3 Rzeszów,tvp3_rzeszow.png,Poľské,||,,,,,
,,,,,1494,TVP3 Wrocław,tvp3_wroclaw.png,Poľské,||,,,,,
,,,,,1495,TVP3 Kraków,tvp3_krakow.png,Poľské,||,,,,,
,,,,,1496,TVP3 Opole,tvp3_opole.png,Poľské,||,,,,,
,,,,,1497,TVP3 Katowice,tvp3_katowice.png,Poľské,||,,,,,
,,,,,1498,TVP3 Kielce,tvp3_kielce.png,Poľské,||,,,,,
,,,,,1499,TVP3 Łódź,tvp3_lodz.png,Poľské,||,,,,,
,,,,,1500,Red TOP TV,redtoptv.png,Poľské,||,,,,,
,,,,,15308,Nickelodeon (pl),nickelodeon.png,Poľské,||,,,,,
,,,,,15309,Nick Jr. (pl),nickjr.png,Poľské,||,,,,,
,,,,,15310,Nicktoons (pl),nicktoons.png,Poľské,||,,,,,
,,,,,15311,TeenNick (pl),teennick.png,Poľské,||,,,,,
,,,,,15312,MTV Polska,mtv.png,Poľské,||,,,,,
,,,,,15313,NickMusic (pl),nickmusic.png,Poľské,||,,,,,
,,,,,15314,MTV 90s (pl),mtv90.png,Poľské,||,,,,,
,,,,,15315,MTV 00s (pl),mtv00s.png,Poľské,||,,,,,
,,,,,15316,Paramount Channel (pl),paramount.png,Poľské,||,,,,,
,,,,,15317,Comedy Central (pl),comedycentral.png,Poľské,||,,,,,
,,,,,15318,Polsat Comedy Central Extra (pl),comedycentralpolsat.png,Poľské,||,,,,,
,,,,,15325,Echo24,echo24.png,Poľské,||,,,,,
,,,,,15411,Sportowa TV,sportowa.png,Poľské,||,,,,,
,,,,,15433,National Geographic (pl),ng.png,Poľské,||,,,,,
,,,,,15434,National Geographic Wild (pl),ngwild.png,Poľské,||,,,,,
,,,,,15435,FOX (pl),fox.png,Poľské,||,,,,,
,,,,,15436,Eleven Sports 1,elevensports1.png,Poľské,||,,,,,
,,,,,15437,Eleven Sports 2,elevensports2.png,Poľské,||,,,,,
,,,,,15438,Eleven Sports 3,elevensports3.png,Poľské,||,,,,,
,,,,,15439,Eleven Sports 4,elevensports4.png,Poľské,||,,,,,
,,,,,15443,TVN24 BiS,tvn24bis.png,Poľské,||,,,,,
,,,,,15456,WP,wp.png,Poľské,||,,,,,
,,,,,15457,13.tv,13pl.png,Poľské,||,,,,,
,,,,,15458,News24,news24.png,Poľské,||,,,,,
,,,,,16,3SAT,3sat.png,Nemecké,||,,,,,
,,,,,1121,ANIXE HD,anixe.png,Nemecké,||,,,,,
,,,,,17,ARD,daserste.png,Nemecké,||,,,,,
,,,,,81,ARTE,ARTE.png,Nemecké,||,,,,,
,,,,,198,ATV (de),atv_de.png,Nemecké,||,,,,,
,,,,,214,BR,br.png,Nemecké,||,,,,,
,,,,,169,ARD-alpha,br_alpha.png,Nemecké,||,,,,,
,,,,,583,Deluxe Lounge HD,deluxeloungehd.png,Nemecké,||,,,,,
,,,,,584,Deluxe Music,deluxemusic.png,Nemecké,||,,,,,
,,,,,154,Deutsche Welle,DW.png,Nemecké,||,,,,,
,,,,,18,SPORT1 (DSF),DSF.png,Nemecké,||,,,,,
,,,,,148,HR-fernsehen,hr.png,Nemecké,||,,,,,
,,,,,23,Kabel1,Kabel1.png,Nemecké,||,,,,,
,,,,,85,Kika,Kika.png,Nemecké,||,,,,,
,,,,,155,Welt,welt.png,Nemecké,||,,,,,
,,,,,149,n-tv,ntv.png,Nemecké,||,,,,,
,,,,,253,MTV Germany,mtv.png,Nemecké,||,,,,,
,,,,,511,MDR,mdr.png,Nemecké,||,,,,,
,,,,,152,NDR Fernsehen,NDR.png,Nemecké,||,,,,,
,,,,,19,ORF1,orf1.png,Nemecké,||,,,,,
,,,,,20,ORF2,orf2.png,Nemecké,||,,,,,
,,,,,786,ORF3,orf3.png,Nemecké,||,,,,,
,,,,,35,PRO7,PRO7.png,Nemecké,||,,,,,
,,,,,213,Phoenix,phoenix.png,Nemecké,||,,,,,
,,,,,21,RTL,RTL.png,Nemecké,155||,,,,,
,,,,,22,RTL2,RTL2.png,Nemecké,156||,,,,,
,,,,,788,RTL Nitro,rtlnitro.png,Nemecké,||,,,,,
,,,,,512,Sixx,sixx.png,Nemecké,||,,,,,
,,,,,135,RBB Berlin,rbb1.png,Nemecké,||,,,,,
,,,,,24,SAT1,SAT1.png,Nemecké,||,,,,,
,,,,,143,Super RTL,SuperRTL.png,Nemecké,||,,,,,
,,,,,146,SWR Fernsehen,SWR.png,Nemecké,||,,,,,
,,,,,803,tagesschau24,tagesschau24.png,Nemecké,||,,,,,
,,,,,25,VOX,VOX.png,Nemecké,158||,,,,,
,,,,,36,VIVA,VIVA.png,Nemecké,||,,,,,
,,,,,151,WDR Fernsehen,WDR.png,Nemecké,||,,,,,
,,,,,26,ZDF,ZDF.png,Nemecké,||,,,,,
,,,,,162,ZDFneo,zdf_neo.png,Nemecké,||,,,,,
,,,,,633,ZDFinfo,zdf_info.png,Nemecké,||,,,,,
,,,,,1191,ARD One,ard_one.png,Nemecké,||,,,,,
,,,,,1202,SAT1 Gold,sat1gold.png,Nemecké,||,,,,,
,,,,,1203,Disney Channel (de),disneychannel.png,Nemecké,||,,,,,
,,,,,1468,AstroTV,astrotv.png,Nemecké,||,,,,,
,,,,,1476,FOLX,folx.png,Nemecké,||,,,,,
,,,,,1477,One music,onemusic.png,Nemecké,||,,,,,
,,,,,1478,Zwei music,zweimusic.png,Nemecké,||,,,,,
,,,,,1479,Adria,adria.png,Nemecké,||,,,,,
,,,,,183,Adult Channel,adult_channel.png,Anglické,||,,,,,
,,,,,95,Al Jazeera,aljazeera.png,Anglické,149||,,,,,
,,,,,1101,Alibi SD Ireland,alibi.png,Anglické,||,,,,,
,,,,,193,Arirang,arirang.png,Anglické,||,,,,,
,,,,,1117,AnimalPlanet UK,animal_planet.png,Anglické,||,,,,,
,,,,,1105,At the Races,attheraces.png,Anglické,||,,,,,
,,,,,638,B in Balance,bib.png,Anglické,||,,,,,
,,,,,105,Baby TV,babytv.png,Anglické,99||,,,,,
,,,,,837,BBC One,bbcone.png,Anglické,||,,,,,
,,,,,838,BBC Two,bbctwo.png,Anglické,||,,,,,
,,,,,840,BBC Four,bbcfour.png,Anglické,||,,,,,
,,,,,839,CBBC,bbcthree.png,Anglické,||,,,,,
,,,,,52,BBC Entertainment,bbcworld.png,Anglické,||,,,,,
,,,,,190,BBC World News,bbcworld.png,Anglické,143||,,,,,
,,,,,1097,BeIn Sports 11 HD,beinsports11hd.png,Anglické,||,,,,,
,,,,,1098,BeIn Sports 12 HD,beinsports12hd.png,Anglické,||,,,,,
,,,,,167,Bloomberg,bloomberg.png,Anglické,145||,,,,,
,,,,,49,Blue Hustler,BlueHustler.png,Anglické,||,,,,,
,,,,,64,Boomerang,Boomerang.png,Anglické,97|165|,,,,,
,,,,,185,Brazzers TV Europe,brazzers.png,Anglické,||,,,,,
,,,,,1084,BT Sport 1 HD,btsport1hd.png,Anglické,||,,,,,
,,,,,1085,BT Sport 2 HD,btsport2hd.png,Anglické,||,,,,,
,,,,,1058,BT Sport ESPN SD,btsportespn.png,Anglické,||,,,,,
,,,,,1051,BT Sport Europe HD,btsporteurope.png,Anglické,||,,,,,
,,,,,1093,beIN LaLiga,canal_ligahd.png,Anglické,||,,,,,
,,,,,45,Cartoon Network (en2),CNT.png,Anglické,96||,,,,,
,,,,,559,CCTV News,cctv-news.png,Anglické,||,,,,,
,,,,,513,CCTV9,cctv9.png,Anglické,||,,,,,
,,,,,29,CNN International,CNN.png,Anglické,142||,,,,,
,,,,,226,CNBC Europe,CNBC.png,Anglické,||,,,,,
,,,,,203,C Music TV,c_music.png,Anglické,129||,,,,,
,,,,,721,Comedy Central,comedycentral.png,Anglické,121||,,,,,
,,,,,1066,Crime and Investigation UK,ci.png,Anglické,||,,,,,
,,,,,1087,Dave SD UK,dave.png,Anglické,||,,,,,
,,,,,172,Discovery EN,Discovery.png,Anglické,||,,,,,
,,,,,1102,Discovery History SD,discoveryhistory.png,Anglické,||,,,,,
,,,,,1116,Discovery Home and Health SD UK,discoveryhomeandhealth.png,Anglické,||,,,,,
,,,,,567,Disney Junior,disney-junior.png,Anglické,93||,,,,,
,,,,,1104,Disney Junior HD UK,disneyjuniorhd.png,Anglické,||,,,,,
,,,,,1103,Disney XD,disneyxdhd.png,Anglické,||,,,,,
,,,,,733,DocuBox HD,docubox.png,Anglické,|136|,,,,,
,,,,,165,E! Entertainment,E.png,Anglické,||,,,,,
,,,,,1083,E4 HD UK,e4hd.png,Anglické,||,,,,,
,,,,,1064,Eden HD,eden.png,Anglické,||,,,,,
,,,,,682,English Club TV,english-club.png,Anglické,||,,,,,
,,,,,731,Eroxxx HD,eroxxxhd.png,Anglické,175||,,,,,
,,,,,998,Eurochannel,eurochannel.png,Anglické,||,,,,,
,,,,,1063,Eurosport HD British,eurosport1british.png,Anglické,||,,,,,
,,,,,1086,Eurosport 2 HD British,eurosport2british.png,Anglické,||,,,,,
,,,,,51,Extreme Sports,Extreme.png,Anglické,69||,,,,,
,,,,,734,FashionBox HD,fashionboxhd.png,Anglické,||,,,,,
,,,,,209,Fashion TV F.MEN,ftv.png,Anglické,||,,,,,
,,,,,227,FashionTV HD,FashionTV.png,Anglické,||,,,,,
,,,,,522,Fashion One,fashionone.png,Anglické,||,,,,,
,,,,,983,Fast&Funbox HD,fastfunbox.png,Anglické,||,,,,,
,,,,,1001,Film 4,film4.png,Anglické,||,,,,,
,,,,,982,FilmBox Arthouse,filmboxarthouse.png,Anglické,||,,,,,
,,,,,590,FightBox,fightboxhd.png,Anglické,|109|,,,,,
,,,,,636,Food Network,foodhd.png,Anglické,||,,,,,
,,,,,723,Fuel,fuelhd.png,Anglické,||,,,,,
,,,,,1069,Good Food Channel HD,goodfood.png,Anglické,||,,,,,
,,,,,722,Ginx,ginx.png,Anglické,||,,,,,
,,,,,1022,History2,h2.png,Anglické,||,,,,,
,,,,,1071,History HD UK,historyhd.png,Anglické,||,,,,,
,,,,,63,Hustler TV,HustlerTV.png,Anglické,170|202|,,,,,
,,,,,564,Hustler HD,hustlerhd3d.png,Anglické,||,,,,,
,,,,,851,Channel 5,channel5.png,Anglické,||,,,,,
,,,,,852,Channel 4,channel4.png,Anglické,||,,,,,
,,,,,543,iConcerts,iconcerts.png,Anglické,||,,,,,
,,,,,853,ITV,itv.png,Anglické,||,,,,,
,,,,,1003,ITV2,itv2.png,Anglické,||,,,,,
,,,,,1078,ITV3,itv3.png,Anglické,||,,,,,
,,,,,1079,ITV4,itv4.png,Anglické,||,,,,,
,,,,,1076,ITV HD London,itvhd.png,Anglické,||,,,,,
,,,,,166,KBS World,KBS.png,Anglické,||,,,,,
,,,,,724,Luxe.tv HD,luxehd.png,Anglické,||,,,,,
,,,,,1099,NBA SD,nba.png,Anglické,||,,,,,
,,,,,887,NHK World TV,nhk.png,Anglické,||,,,,,
,,,,,1000,More 4,more4.png,Anglické,||,,,,,
,,,,,160,Club MTV,clubmtv.png,Anglické,127|183|,,,,,
,,,,,41,MTV90s,mtv90.png,Anglické,128|184|,,,,,
,,,,,37,MTV Hits,mtv_hits.png,Anglické,|185|,,,,,
,,,,,525,MTV Live,mtv_live.png,Anglické,||,,,,,
,,,,,1126,MTV UK HD,mtvhd.png,Anglické,||,,,,,
,,,,,1113,National Geographic HD UK,natgeowild.png,Anglické,||,,,,,
,,,,,1106,National Geographic Wild HD Europe,ngwild.png,Anglické,||,,,,,
,,,,,637,Outdoor Channel,outdoorhd.png,Anglické,|142|,,,,,
,,,,,1002,Pick TV,pick.png,Anglické,||,,,,,
,,,,,186,Playboy TV,playboy_tv.png,Anglické,||,,,,,
,,,,,1107,Racing UK SD,racinguk.png,Anglické,||,,,,,
,,,,,849,Redlight HD,redlight.png,Anglické,||,,,,,
,,,,,1059,Sky1 HD UK,sky1hd.png,Anglické,||,,,,,
,,,,,1050,Sky Arts HD,skyartshd.png,Anglické,||,,,,,
,,,,,1060,Sky Atlantic HD UK,skyatlantichd.png,Anglické,||,,,,,
,,,,,1065,Sky Living HD,skylivinghd.png,Anglické,||,,,,,
,,,,,1042,Sky Movies Action & Adventure HD,skymoviesactionadventure.png,Anglické,||,,,,,
,,,,,1043,Sky Movies Comedy HD,skymovieshdcomedy.png,Anglické,||,,,,,
,,,,,1044,Sky Movies Crime & Thriller HD,skymoviescrimethriller.png,Anglické,||,,,,,
,,,,,1049,Sky Movies Drama & Romance HD,skymovieshddramaromance.png,Anglické,||,,,,,
,,,,,1111,Sky Movies Disney HD,skymovieshddisney.png,Anglické,||,,,,,
,,,,,1046,Sky Movies Family HD,skymovieshdfamily.png,Anglické,||,,,,,
,,,,,1047,Sky Movies Greats HD,skymoviesgreats.png,Anglické,||,,,,,
,,,,,1048,Sky Movies Premiere HD,skymovieshdpremiere.png,Anglické,||,,,,,
,,,,,1045,Sky Movies Select HD,skymovieshdselect.png,Anglické,||,,,,,
,,,,,1118,Sky Movies Showcase HD,skymoviesshowcase.png,Anglické,||,,,,,
,,,,,195,Sky news,skynews.png,Anglické,||,,,,,
,,,,,1119,Sky SciFi & Horror SD,skymovieshdscifihorror.png,Anglické,||,,,,,
,,,,,502,Sky Sports 1,skysportshd1.png,Anglické,||,,,,,
,,,,,503,Sky Sports 2,skysportshd2.png,Anglické,||,,,,,
,,,,,504,Sky Sports 3,skysportshd3.png,Anglické,||,,,,,
,,,,,505,Sky Sports 4,skysportshd4.png,Anglické,||,,,,,
,,,,,1056,Sky Sports 5,skysports5.png,Anglické,||,,,,,
,,,,,507,Sky Sports News,skysportsnewshd.png,Anglické,||,,,,,
,,,,,981,Super One,superone.png,Anglické,174||,,,,,
,,,,,1070,Syfy SD UK,syfy.png,Anglické,||,,,,,
,,,,,46,TCM,TCM.png,Anglické,34||,,,,,
,,,,,163,TCM (v UPC),TCM.png,Anglické,||,,,,,
,,,,,890,TV5monde (en),TV5monde.png,Anglické,||,,,,,
,,,,,1068,Universal SD UK,universalchannel.png,Anglické,||,,,,,
,,,,,30,MTV00s,mtv00s.png,Anglické,125|186|,,,,,
,,,,,39,MTV80s,mtv80s.png,Anglické,126|187|,,,,,
,,,,,841,360TuneBox,360tunebox.png,Anglické,||,,,,,
,,,,,1131,BeIn Sports 13 HD,beinsports13hd.png,Anglické,||,,,,,
,,,,,79,Private TV,privatetv.png,Anglické,171||,,,,,
,,,,,1166,DJazz,djazz.png,Anglické,||,,,,,
,,,,,1176,Nautical Channel,nautical.png,Anglické,|132|,,,,,
,,,,,1200,TV4 (hu),tv4_hu.png,Anglické,||,,,,,
,,,,,1201,Nick Jr. (en),nickjr.png,Anglické,||,,,,,
,,,,,1204,Cartoon Network (en),CNT.png,Anglické,||,,,,,
,,,,,1235,Nick Jr. Global,nickjr.png,Anglické,||,,,,,
,,,,,1246,Red Bull TV,redbulltv.png,Anglické,||,,,,,
,,,,,1317,Passion XXX,passionxxx.png,Anglické,||,,,,,
,,,,,1041,Reality Kings TV,reality_kings.png,Anglické,||,,,,,
,,,,,1336,TRT World,trtworld.png,Anglické,||,,,,,
,,,,,1465,True Amateurs,pornhub.png,Anglické,||,,,,,
,,,,,1466,LollyKids,lollyKids.png,Anglické,||,,,,,
,,,,,1517,Babes TV,babes.png,Anglické,||,,,,,
,,,,,1518,Desire,desire.png,Anglické,||,,,,,
,,,,,1524,Wild nature,wildnature.png,Anglické,||,,,,,
,,,,,1525,Home,home.png,Anglické,||,,,,,
,,,,,1527,TRT Arabi,trtarabi.png,Anglické,||,,,,,
,,,,,534,ARTE (fr.),arte.png,Francúzske,||,,,,,
,,,,,537,BFM TV,bfmTV.png,Francúzske,||,,,,,
,,,,,516,CNTV Francais,cntv-fra.png,Francúzske,||,,,,,
,,,,,532,CANAL+,canalPlus.png,Francúzske,||,,,,,
,,,,,133,France2,france2.png,Francúzske,||,,,,,
,,,,,134,France3,france3.png,Francúzske,||,,,,,
,,,,,528,France4,france4.png,Francúzske,||,,,,,
,,,,,529,France5,france5.png,Francúzske,||,,,,,
,,,,,144,France24,france24.png,Francúzske,146||,,,,,
,,,,,145,France24 EN,france24.png,Francúzske,148||,,,,,
,,,,,870,France O,franceo.png,Francúzske,||,,,,,
,,,,,538,Gulli,gulli.png,Francúzske,||,,,,,
,,,,,536,CNews,iTele.png,Francúzske,||,,,,,
,,,,,531,LCP,lcp2.png,Francúzske,||,,,,,
,,,,,43,Mezzo,Mezzo.png,Francúzske,131||,,,,,
,,,,,569,Mezzo Live HD,mezzo_live_hd.png,Francúzske,||,,,,,
,,,,,238,Dorcel TV,dorceltv.png,Francúzske,||,,,,,
,,,,,540,M6,m6.png,Francúzske,||,,,,,
,,,,,719,myZen,myzen.png,Francúzske,||,,,,,
,,,,,995,RFM TV,rfm.png,Francúzske,||,,,,,
,,,,,530,TF1,TF1.png,Francúzske,||,,,,,
,,,,,720,Trace Sports,tracesportshd.png,Francúzske,||,,,,,
,,,,,535,TMC,TMC.png,Francúzske,||,,,,,
,,,,,153,TVA (Fr.),TVAfr.png,Francúzske,||,,,,,
,,,,,89,TV5monde,TV5monde.png,Francúzske,147||,,,,,
,,,,,257,Wild TV,wildtv.png,Francúzske,||,,,,,
,,,,,587,Wild TV HD,wildtv.png,Francúzske,||,,,,,
,,,,,1183,Dorcel XXX,dorcel_xxx.png,Francúzske,||,,,,,
,,,,,1342,myZen 4K,myzen.png,Francúzske,||,,,,,
,,,,,235,ATV,atv.png,Maďarské,||,,,,,
,,,,,754,Sony Max,sonymax.png,Maďarské,||,,,,,
,,,,,730,AXN Sat,hu_axn.png,Maďarské,||,,,,,
,,,,,755,Sony Movie,sonymovie.png,Maďarské,||,,,,,
,,,,,561,Cartoon Network+TCM (hu),,Maďarské,||,,,,,
,,,,,811,Comedy Central (hu),cchu.png,Maďarské,||,,,,,
,,,,,116,Cool TV,hu_cooltv.png,Maďarské,||,,,,,
,,,,,797,FEM3,fem3.png,Maďarské,||,,,,,
,,,,,793,Digi Sport 1 HD,digisport1hd.png,Maďarské,||,,,,,
,,,,,794,Digi Sport 2 HD,digisport2hd.png,Maďarské,||,,,,,
,,,,,578,Film Mánia,hu_filmmania.png,Maďarské,||,,,,,
,,,,,96,Duna,duna.png,Maďarské,||,,,,,
,,,,,128,Duna World,duna_world.png,Maďarské,||,,,,,
,,,,,229,Hír TV,hirtv.png,Maďarské,||,,,,,
,,,,,517,RTL Gold,rtl_klub.png,Maďarské,||,,,,,
,,,,,749,Film+ (hu),hu_filmplusz.png,Maďarské,||,,,,,
,,,,,753,Film Café,hu_filmcafe.png,Maďarské,||,,,,,
,,,,,261,Life Network,lifenetwork.png,Maďarské,||,,,,,
,,,,,86,M1,m1.png,Maďarské,||,,,,,
,,,,,87,M2,m2.png,Maďarské,||,,,,,
,,,,,1026,M4 Sport,m4.png,Maďarské,||,,,,,
,,,,,759,Megamax (hu),hu_megamax.png,Maďarské,||,,,,,
,,,,,760,Minimax (hu),hu_minimax.png,Maďarské,||,,,,,
,,,,,520,Muzsika TV,hu_muzsika.png,Maďarské,||,,,,,
,,,,,987,Music Channel (hu),musicchannelhu.png,Maďarské,||,,,,,
,,,,,988,MTV (hu),mtv.png,Maďarské,||,,,,,
,,,,,765,National Geographic (hu),hu_ng.png,Maďarské,||,,,,,
,,,,,766,National Geographic Wild (hu),hu_ngwild.png,Maďarské,||,,,,,
,,,,,809,Nickelodeon (hu),nickelodeon.png,Maďarské,||,,,,,
,,,,,521,Nóta TV,nota.png,Maďarské,||,,,,,
,,,,,758,Paprika (hu),hu_paprika.png,Maďarské,||,,,,,
,,,,,796,PRO4,pro4.png,Maďarské,||,,,,,
,,,,,748,RTL2 (hu),hu_rtl2.png,Maďarské,||,,,,,
,,,,,884,RTL+,rtlplusz.png,Maďarské,||,,,,,
,,,,,88,RTL klub,hu_rtlklub.png,Maďarské,||,,,,,
,,,,,756,Spektrum (hu),hu_spektrum.png,Maďarské,||,,,,,
,,,,,762,Sport1 (hu),hu_sport1.png,Maďarské,||,,,,,
,,,,,763,Sport2 (hu),hu_sport2.png,Maďarské,||,,,,,
,,,,,757,Spektrum Home (hu),hu_spektrumhome.png,Maďarské,||,,,,,
,,,,,764,SportM (hu),hu_sportm.png,Maďarské,||,,,,,
,,,,,518,Sorozat+,hu_sorozat.png,Maďarské,||,,,,,
,,,,,230,Story4,hu_story4.png,Maďarské,||,,,,,
,,,,,795,SuperTV2,supertv2.png,Maďarské,||,,,,,
,,,,,94,TV2,tv2.png,Maďarské,||,,,,,
,,,,,550,Viasat3,viasat3.png,Maďarské,||,,,,,
,,,,,792,Viasat6,viasat6.png,Maďarské,||,,,,,
,,,,,810,VIVA (hu),VIVA.png,Maďarské,||,,,,,
,,,,,1151,M5 HD,m5.png,Maďarské,||,,,,,
,,,,,1152,PRIME,prime.png,Maďarské,||,,,,,
,,,,,1153,Mozi+,mozi.png,Maďarské,||,,,,,
,,,,,1154,Izaura TV,izaura.png,Maďarské,||,,,,,
,,,,,1155,Zenebutik,zenebutik.png,Maďarské,||,,,,,
,,,,,1156,FOX,fox.png,Maďarské,||,,,,,
,,,,,1157,Spiler TV,spiler.png,Maďarské,||,,,,,
,,,,,1158,Paramount Channel,paramount.png,Maďarské,||,,,,,
,,,,,1160,Pax TV,pax.png,Maďarské,||,,,,,
,,,,,1170,Euronews (hu),euronews.png,Maďarské,||,,,,,
,,,,,1182,Sláger TV,slager.png,Maďarské,||,,,,,
,,,,,1186,Galaxy,galaxy.png,Maďarské,||,,,,,
,,,,,1195,Comedy Central Family (hu),ccf_hu.png,Maďarské,||,,,,,
,,,,,1207,Filmbox (hu),filmbox.png,Maďarské,||,,,,,
,,,,,1366,Lichi TV,lichitv.png,Maďarské,||,,,,,
,,,,,1370,FIX TV,fixtv.png,Maďarské,||,,,,,
,,,,,1480,Moziverzum,moziverzum.png,Maďarské,||,,,,,
,,,,,1481,Jocky TV,jocky.png,Maďarské,||,,,,,
,,,,,15324,TV2 Séf,tv2sef.png,Maďarské,||,,,,,
,,,,,15407,Spíler2 TV,spiler2.png,Maďarské,||,,,,,
,,,,,174,Canale 5,canale5.png,Talianske,||,,,,,
,,,,,642,Cielo,cielo.png,Talianske,||,,,,,
,,,,,645,Deejay TV,deejay.png,Talianske,||,,,,,
,,,,,647,Euronews,euronews.png,Talianske,||,,,,,
,,,,,648,Frisbee,frisbee.png,Talianske,||,,,,,
,,,,,649,HSE24,hse24.png,Talianske,||,,,,,
,,,,,650,Italia 2,italia2.png,Talianske,||,,,,,
,,,,,176,Italia 1,italia1.png,Talianske,||,,,,,
,,,,,651,Iris,iris.png,Talianske,||,,,,,
,,,,,652,K2,k2.png,Talianske,||,,,,,
,,,,,653,LA7,la7.png,Talianske,||,,,,,
,,,,,654,LA7d,la7d.png,Talianske,||,,,,,
,,,,,655,LA5,la5.png,Talianske,||,,,,,
,,,,,656,Mediaset Extra,mediasetextra.png,Talianske,||,,,,,
,,,,,659,QVC,qvc.png,Talianske,||,,,,,
,,,,,660,Rai 5,rai5.png,Talianske,||,,,,,
,,,,,156,Rai Uno,RAI.png,Talianske,159||,,,,,
,,,,,557,Rai Due,rai2.png,Talianske,||,,,,,
,,,,,558,Rai Tre,rai3.png,Talianske,||,,,,,
,,,,,177,Rete 4,rete4.png,Talianske,||,,,,,
,,,,,634,Rai Sport 1,raisport1.png,Talianske,||,,,,,
,,,,,635,Rai Sport 2,raisport2.png,Talianske,||,,,,,
,,,,,662,Rai Movie,raimovie.png,Talianske,||,,,,,
,,,,,663,Rai Premium,raipremium.png,Talianske,||,,,,,
,,,,,664,Rai Gulp,raigulp.png,Talianske,||,,,,,
,,,,,665,Rai Yoyo,raiyoyo.png,Talianske,||,,,,,
,,,,,666,Rai Storia,raistoria.png,Talianske,||,,,,,
,,,,,667,Rai News,rainews.png,Talianske,||,,,,,
,,,,,669,RTL 102.5,rtl1025.png,Talianske,||,,,,,
,,,,,673,Supertennis,supertennis.png,Talianske,||,,,,,
,,,,,675,TV2000,tv2000.png,Talianske,||,,,,,
,,,,,97,1TV,1TV.png,Ruské,||,,,,,
,,,,,552,CCTV Russkij,cctv-rus.png,Ruské,||,,,,,
,,,,,267,Russian Travel Guide,rtgtv.png,Ruské,||,,,,,
,,,,,101,Dom Kino,rus2domkino.png,Ruské,||,,,,,
,,,,,705,KHL TV,khl.png,Ruské,||,,,,,
,,,,,859,Muzyka Pervogo,muz1.png,Ruské,||,,,,,
,,,,,709,Russia Today Doc,rtdoc.png,Ruské,||,,,,,
,,,,,508,RTR,planeta-rtr.png,Ruské,||,,,,,
,,,,,1015,Shanson TV,shanson.png,Ruské,||,,,,,
,,,,,1016,Soyuz,soyuz.png,Ruské,||,,,,,
,,,,,1014,TNT-Comedy,tntcomedy.png,Ruské,||,,,,,
,,,,,555,Russia 24,russia24.png,Ruské,||,,,,,
,,,,,102,Vremya,rus4VREMJA.png,Ruské,||,,,,,
,,,,,1163,Russia Today,russia_today.png,Ruské,||,,,,,
,,,,,1237,8TV,8tv.png,Ruské,||,,,,,
,,,,,1250,Carousel,carousel.png,Ruské,||,,,,,
,,,,,1251,Euronews (ru),euronews.png,Ruské,||,,,,,
,,,,,1327,Poehali,poehali.png,Ruské,||,,,,,
,,,,,1328,Telecafe,telecafe.png,Ruské,||,,,,,
,,,,,1329,Telekanal O,telekanalo.png,Ruské,||,,,,,
,,,,,1330,Dom Kino Premium,domkinopremium.png,Ruské,||,,,,,
,,,,,1331,Bober,bober.png,Ruské,||,,,,,
,,,,,1332,RTVi,rtvi.png,Ruské,||,,,,,
,,,,,1358,Gulli Girl,gulligirl.png,Ruské,||,,,,,
,,,,,1359,TiJi,tiji.png,Ruské,||,,,,,
,,,,,1365,RTVi Retro,rtviretro.png,Ruské,||,,,,,
,,,,,1368,7D7TV,7d7tv.png,Ruské,||,,,,,
,,,,,1462,Viva Russia,vivarussia.png,Ruské,||,,,,,
,,,,,1516,Pobeda,pobeda.png,Ruské,||,,,,,
,,,,,15323,Mist TV,misttv.png,Ruské,||,,,,,
,,,,,780,33,33.png,Španielské,||,,,,,
,,,,,782,324,324.png,Španielské,||,,,,,
,,,,,785,13tv,13tv.png,Španielské,||,,,,,
,,,,,737,Antena3,antena3.png,Španielské,||,,,,,
,,,,,738,Boing (es),boing_es.png,Španielské,||,,,,,
,,,,,244,Canal 24 Horas,24_horas.png,Španielské,||,,,,,
,,,,,1128,Cero,cero.png,Španielské,||,,,,,
,,,,,515,CNTV Espanol,cntv-esp.png,Španielské,||,,,,,
,,,,,767,Clan TVE,clan.png,Španielské,||,,,,,
,,,,,739,Cuatro,cuatro.png,Španielské,||,,,,,
,,,,,779,Esport 3,esport3.png,Španielské,||,,,,,
,,,,,741,Energy,energy.png,Španielské,||,,,,,
,,,,,742,Factoría de Ficción,fdf.png,Španielské,||,,,,,
,,,,,769,La 1,la1.png,Španielské,||,,,,,
,,,,,770,La 2,la2.png,Španielské,||,,,,,
,,,,,771,La 1 Cataluňa,la1.png,Španielské,||,,,,,
,,,,,772,La 2 Cataluňa,la2.png,Španielské,||,,,,,
,,,,,784,MTV (es),mtv.png,Španielské,||,,,,,
,,,,,728,Neox,neox_es.png,Španielské,||,,,,,
,,,,,744,Nova (es),nova_es.png,Španielské,||,,,,,
,,,,,781,Super3,super3.png,Španielské,||,,,,,
,,,,,768,Teledeporte,tdp.png,Španielské,||,,,,,
,,,,,747,Telecinco,telecinco.png,Španielské,||,,,,,
,,,,,119,TVE,tve.png,Španielské,160||,,,,,
,,,,,777,TV3CAT,tv3cat.png,Španielské,||,,,,,
,,,,,783,TV3,tv3.png,Španielské,||,,,,,
,,,,,773,TVE HD,tvehd.png,Španielské,||,,,,,
,,,,,573,Aljazeera (Arabic),aljazeera-ar.png,Ostatné,||,,,,,
,,,,,560,Brava HDTV,bravahdtv.png,Ostatné,||,,,,,
,,,,,554,CCTV Arabic,cctva.png,Ostatné,||,,,,,
,,,,,556,CCTV4 Europe,cctv4.png,Ostatné,||,,,,,
,,,,,991,Credo,credo.png,Ostatné,||,,,,,
,,,,,888,BVN,bvn.png,Ostatné,||,,,,,
,,,,,836,Dusk!,dusk.png,Ostatné,176||,,,,,
,,,,,994,IneditTV,inedit.png,Ostatné,||,,,,,
,,,,,993,Jurnal TV Moldova,jurnal.png,Ostatné,||,,,,,
,,,,,989,Gospel,gospel.png,Ostatné,||,,,,,
,,,,,138,HRT 1,hrt1.png,Ostatné,||,,,,,
,,,,,139,HRT 2,hrt2.png,Ostatné,||,,,,,
,,,,,715,Jibek Joly World,kazakh.png,Ostatné,||,,,,,
,,,,,986,Music Channel (ro),musicchannelro.png,Ostatné,||,,,,,
,,,,,1005,NPO 1,npo1.png,Ostatné,||,,,,,
,,,,,1006,NPO 2,npo2.png,Ostatné,||,,,,,
,,,,,1007,NPO 3,npo3.png,Ostatné,||,,,,,
,,,,,992,Publika,publika.png,Ostatné,||,,,,,
,,,,,856,ProTV International,protv.png,Ostatné,||,,,,,
,,,,,1008,RTL 4,rtl4.png,Ostatné,||,,,,,
,,,,,1009,RTL 5,rtl5.png,Ostatné,||,,,,,
,,,,,711,RÚV,ruv.png,Ostatné,||,,,,,
,,,,,1010,SBS6,sbs6.png,Ostatné,||,,,,,
,,,,,509,Slovenija 1,slovenija1.png,Ostatné,||,,,,,
,,,,,510,Slovenija 2,slovenija2.png,Ostatné,||,,,,,
,,,,,1004,Netviet,netviet.png,Ostatné,165||,,,,,
,,,,,1011,Veronica,veronica.png,Ostatné,||,,,,,
,,,,,575,VTV4,vtv4.png,Ostatné,||,,,,,
,,,,,1019,XMO,xmo.png,Ostatné,177||,,,,,
,,,,,1188,HRT 3,hrt3.png,Ostatné,||,,,,,
,,,,,1189,HRT 4,hrt4.png,Ostatné,||,,,,,
,,,,,1205,NASA TV,nasatv.png,Ostatné,||,,,,,
,,,,,1215,5 Kanal,5kanal.png,Ostatné,test||,,,,,
,,,,,1216,Inter,inter.png,Ostatné,||,,,,,
,,,,,1217,NTN HD,ntn.png,Ostatné,||,,,,,
,,,,,1218,K1,k1.png,Ostatné,||,,,,,
,,,,,1219,K2 UA,k2ua.png,Ostatné,||,,,,,
,,,,,1220,Enter Film,enterfilm.png,Ostatné,||,,,,,
,,,,,1221,TET,tet.png,Ostatné,||,,,,,
,,,,,1222,ZOOM,zoom.png,Ostatné,||,,,,,
,,,,,1223,Vintage TV,vintagetv.png,Ostatné,||,,,,,
,,,,,1230,VTV1,vtv1.png,Ostatné,163||,,,,,
,,,,,1231,VTV2,vtv2.png,Ostatné,||,,,,,
,,,,,1232,VTV3,vtv3.png,Ostatné,164||,,,,,
,,,,,1233,Freedom,freedom.png,Ostatné,||,,,,,
,,,,,1302,CNL,cnl.png,Ostatné,||,,,,,
,,,,,1316,Music Box,musicbox.png,Ostatné,||,,,,,
,,,,,1325,Superyacht,superyacht.png,Ostatné,||,,,,,
,,,,,1380,RTL Living (hr),rtlliving_hr.png,Ostatné,||,,,,,
,,,,,1382,CMC Televizija,cmctv.png,Ostatné,||,,,,,
,,,,,1383,Jugoton,jugoton.png,Ostatné,||,,,,,
,,,,,1384,Klape i Tambure,klapeitambure.png,Ostatné,||,,,,,
,,,,,1385,Nova TV,novatv.png,Ostatné,||,,,,,
,,,,,1386,Doma TV,domatv.png,Ostatné,||,,,,,
,,,,,1387,Mini TV,minitv.png,Ostatné,||,,,,,
,,,,,1410,RTL (hr),rtl_hr.png,Ostatné,||,,,,,
,,,,,1411,RTL 2 (hr),rtl2_hr.png,Ostatné,||,,,,,
,,,,,1412,RTL Kockica (hr),rtlkockica_hr.png,Ostatné,||,,,,,
,,,,,1413,RTL Crime (hr),rtlcrime_hr.png,Ostatné,||,,,,,
,,,,,1414,RTL Passion (hr),rtlpassion_hr.png,Ostatné,||,,,,,
,,,,,1415,RTL Adria (hr),rtladria_hr.png,Ostatné,||,,,,,
,,,,,1418,FilmBox Premium (hr),filmbox-premium.png,Ostatné,||,,,,,
,,,,,1419,FilmBox Extra HD (hr),filmboxhd.png,Ostatné,||,,,,,
,,,,,1420,FilmBox Stars (hr),filmboxstars.png,Ostatné,||,,,,,
,,,,,1426,Gametoon HD (hr),gametoonhd.png,Ostatné,||,,,,,
,,,,,1428,FilmBox Arthouse (hr),filmboxarthouse.png,Ostatné,||,,,,,
,,,,,1430,Plava Vinkovačka,plavavinkovacka.png,Ostatné,||,,,,,
,,,,,1431,Slavonije i Baranje,slavonijeibaranje.png,Ostatné,||,,,,,
,,,,,1432,Osječka,osjecka.png,Ostatné,||,,,,,
,,,,,1433,OTV,otv.png,Ostatné,||,,,,,
,,,,,1434,Z1,z1.png,Ostatné,||,,,,,
,,,,,1435,Nova Pula,tvnovapula.png,Ostatné,||,,,,,
,,,,,1436,Jadran,televizijajadran.png,Ostatné,||,,,,,
,,,,,1437,Libertas,libertas.png,Ostatné,||,,,,,
,,,,,1438,Trend,trendtv.png,Ostatné,||,,,,,
,,,,,1439,Ukraine 1,ukraine1.png,Ostatné,||,,,,,
,,,,,1409,DM Sat,dmsat.png,Ostatné,||,,,,,
,,,,,1442,Viasat History (hr),viasathistory.png,Ostatné,||,,,,,
,,,,,1443,TV 1000 Balkans,tv1000.png,Ostatné,||,,,,,
,,,,,1446,Eurochannel (hr),eurochannel.png,Ostatné,||,,,,,
,,,,,1447,Al Jazeera Balkans,aljazeerabalkans.png,Ostatné,||,,,,,
,,,,,1456,National Geographic (hr),ng.png,Ostatné,||,,,,,
,,,,,1457,National Geographic Wild (hr),ngwild.png,Ostatné,||,,,,,
,,,,,1458,FOX (hr),fox.png,Ostatné,||,,,,,
,,,,,1459,FOX Life (hr),foxlife.png,Ostatné,||,,,,,
,,,,,1460,FOX Crime (hr),foxcrime.png,Ostatné,||,,,,,
,,,,,1461,FOX Movies (hr),foxmovies.png,Ostatné,||,,,,,
,,,,,1463,TVCG SAT,tvcgsat.png,Ostatné,||,,,,,
,,,,,1464,BN Televizija,bntelevizija.png,Ostatné,||,,,,,
,,,,,1469,HRT International,hrtint.png,Ostatné,||,,,,,
,,,,,1482,Klasik,klasiktv.png,Ostatné,||,,,,,
,,,,,1501,RTL Croatia World,rtlcroatiaworld.png,Ostatné,||,,,,,
,,,,,1503,Samobor TV,samobor.png,Ostatné,||,,,,,
,,,,,1504,Domaći TV,domaci.png,Ostatné,||,,,,,
,,,,,1505,Slovenija 3,slovenija3.png,Ostatné,||,,,,,
,,,,,1507,HBO (hr),HBO.png,Ostatné,||,,,,,
,,,,,1508,HBO2 (hr),HBO2.png,Ostatné,0|0|,,,,,
,,,,,1509,HBO3 (hr),hbo3.png,Ostatné,0|0|,,,,,
,,,,,1510,Cinemax (hr),cinemax.png,Ostatné,||,,,,,
,,,,,1511,Cinemax 2 (hr),cinemax2.png,Ostatné,||,,,,,
,,,,,1515,B1 Televizija,b1televizija.png,Ostatné,||,,,,,
,,,,,1523,Toon Kids (hr),toonkids.png,Ostatné,||,,,,,
,,,,,15288,Sportska TV,sportskatv.png,Ostatné,||,,,,,
,,,,,15289,Laudato TV,laudatotv.png,Ostatné,||,,,,,
,,,,,15294,Aurora TV,auroratv.png,Ostatné,||,,,,,
,,,,,15295,RTS Svet,rtssvet.png,Ostatné,||,,,,,
,,,,,15300,bravo! TV,bravotv.png,Ostatné,||,,,,,
,,,,,15301,Dr. Fit,drfit.png,Ostatné,||,,,,,
,,,,,15302,Woman,woman.png,Ostatné,||,,,,,
,,,,,15303,Planet Earth,planetearth.png,Ostatné,||,,,,,
,,,,,15304,CineStar TV 1,ctv1.png,Ostatné,||,,,,,
,,,,,15305,CineStar TV Action & Thriller,ctvaction.png,Ostatné,||,,,,,
,,,,,15306,CineStar TV Fantasy,ctvfantasty.png,Ostatné,||,,,,,
,,,,,15307,NASA TV UHD,nasatvuhd.png,Ostatné,||,,,,,
,,,,,15320,Prigorska TV,prigorska.png,Ostatné,||,,,,,
,,,,,15326,Espreso TV,espreso.png,Ostatné,||,,,,,
,,,,,15327,Rada,rada.png,Ostatné,||,,,,,
,,,,,15328,Current time,currenttime.png,Ostatné,||,,,,,
,,,,,15329,Nickelodeon Ukraine Pluto TV,nickukpluto.png,Ostatné,||,,,,,
,,,,,15405,1+1 Ukraina,1plus1.png,Ostatné,||,,,,,
,,,,,15406,ICTV,ictv.png,Ostatné,||,,,,,
,,,,,15415,XSport,xsport.png,Ostatné,||,,,,,
,,,,,15416,Star Cinema,starcinema.png,Ostatné,||,,,,,
,,,,,15417,Star Family,starfamily.png,Ostatné,||,,,,,
,,,,,15418,Dacha,dacha.png,Ostatné,||,,,,,
,,,,,15419,Film.Ua Drama,filmuadrama.png,Ostatné,||,,,,,
,,,,,15420,Kus Kus,kuskus.png,Ostatné,||,,,,,
,,,,,15421,Ukraine 2,ukraine2.png,Ostatné,||,,,,,
,,,,,15422,NLO TV 2,nlotv2.png,Ostatné,||,,,,,
,,,,,15423,36.6 TV,366tv.png,Ostatné,||,,,,,
,,,,,15424,Rybalka TV,rybalka.png,Ostatné,||,,,,,
,,,,,15432,NAŠA TV,nasatv_ma.png,Ostatné,||,,,,,
,,,,,15451,Pershiy,pershiy.png,Ostatné,||,,,,,
,,,,,15452,Crotv,crotv.png,Ostatné,||,,,,,
,,,,,15453,Pryamyy,pryamyy.png,Ostatné,||,,,,,
,,,,,15454,33 kanal,33kanal.png,Ostatné,||,,,,,
,,,,,15459,1+1 Maraton,1plus1maraton.png,Ostatné,||,,,,,
,,,,,732,BBC Czech,bbccz.png,Ostatné,||,,,,,
,,,,,595,BBC Radio,bbc.png,Ostatné,||,,,,,
,,,,,814,Classic FM,classicfm.png,Ostatné,217||,,,,,
,,,,,679,Country Radio,country.png,Ostatné,213|2016|,,,,,
,,,,,815,ČRo Brno,crobrno.png,Ostatné,207||,,,,,
,,,,,599,ČRo D-dur,croddur.png,Ostatné,205||,,,,,
,,,,,816,ČRo České Budějovice,croceskebudejovice.png,Ostatné,207||,,,,,
,,,,,600,ČRo Plus,croplus.png,Ostatné,206||,,,,,
,,,,,857,ČRo Jazz,crojazz.png,Ostatné,209||,,,,,
,,,,,817,ČRo Hradec Králové,crohradeckralove.png,Ostatné,207||,,,,,
,,,,,818,ČRo Olomouc,croolomouc.png,Ostatné,207||,,,,,
,,,,,603,Radio Proglas,proglas.png,Ostatné,220||,,,,,
,,,,,819,ČRo Ostrava,croostrava.png,Ostatné,207||,,,,,
,,,,,871,ČRo Radio Praha,cropraha.png,Ostatné,208||,,,,,
,,,,,822,ČRo Region,croregion.png,Ostatné,207||,,,,,
,,,,,823,ČRo Vysočina,crovysocina.png,Ostatné,207||,,,,,
,,,,,820,ČRo Pardubice,cropardubice.png,Ostatné,207||,,,,,
,,,,,596,ČRo Radiožurnál,croradiozurnal.png,Ostatné,200||,,,,,
,,,,,597,ČRo Dvojka,crodvojka.png,Ostatné,201||,,,,,
,,,,,821,ČRo Plzeň,croplzen.png,Ostatné,207||,,,,,
,,,,,824,ČRo Sever,crosever.png,Ostatné,||,,,,,
,,,,,825,ČRo Liberec,croliberec.png,Ostatné,207||,,,,,
,,,,,826,ČRo Regina DAB Praha,croreginadabpraha.png,Ostatné,||,,,,,
,,,,,598,ČRo Vltava,crovltava.png,Ostatné,202||,,,,,
,,,,,602,ČRo Radio Wave,crowave.png,Ostatné,203||,,,,,
,,,,,604,Dance Radio,dance.png,Ostatné,218||,,,,,
,,,,,606,Europa 2,europa2.png,Ostatné,201||,,,,,
,,,,,829,Evropa 2,evropa2.png,Ostatné,211||,,,,,
,,,,,830,Frekvence 1,frekvence1.png,Ostatné,212||,,,,,
,,,,,605,Fun rádio,fun.png,Ostatné,||,,,,,
,,,,,611,Lumen,lumen.png,Ostatné,||,,,,,
,,,,,609,Jemne Melodie,jemnemelodie.png,Ostatné,||,,,,,
,,,,,828,Impuls,impuls.png,Ostatné,210||,,,,,
,,,,,858,Rádio Anténa Rock,antenarock.png,Ostatné,||,,,,,
,,,,,846,Rádio Junior,cro_junior.png,Ostatné,204||,,,,,
,,,,,612,Radio Junior (sk),junior.png,Ostatné,||,,,,,
,,,,,615,Radio Šport,sport.png,Ostatné,||,,,,,
,,,,,616,Radio WOW,wow.png,Ostatné,||,,,,,
,,,,,617,Radio7,radio7.png,Ostatné,||,,,,,
,,,,,628,Rádio VIVA,viva.png,Ostatné,||,,,,,
,,,,,813,Radio Beat,beat.png,Ostatné,214|2015|,,,,,
,,,,,827,Radio 1,radio1.png,Ostatné,215||,,,,,
,,,,,613,Radio Expres,expres.png,Ostatné,216||,,,,,
,,,,,618,SRO1 - Slovensko,slovensko.png,Ostatné,||,,,,,
,,,,,623,SRO2 - Regina Východ,regina_sk.png,Ostatné,||,,,,,
,,,,,624,SRO2 - Regina Stred,regina_sk.png,Ostatné,||,,,,,
,,,,,625,SRO2 - Regina Západ,regina_sk.png,Ostatné,||,,,,,
,,,,,621,SRO3 - Devín,devin.png,Ostatné,||,,,,,
,,,,,626,SRO4 - Radio FM,fm.png,Ostatné,||,,,,,
,,,,,627,SRO5 - Patria,patria.png,Ostatné,||,,,,,
,,,,,622,SRO6 - Slovakia International,slovakia_international.png,Ostatné,||,,,,,
,,,,,619,SRO7 - Klasika,klasika.png,Ostatné,||,,,,,
,,,,,620,SRO8 - Litera,litera.png,Ostatné,||,,,,,
,,,,,860,VALC 1 - Gold,valc.png,Ostatné,||,,,,,
,,,,,861,VALC 2 - Country and Folk,valc.png,Ostatné,||,,,,,
,,,,,862,VALC 3 - Hit,valc.png,Ostatné,||,,,,,
,,,,,863,VALC 4 - Rock,valc.png,Ostatné,||,,,,,
,,,,,864,VALC 5 - Classic,valc.png,Ostatné,||,,,,,
,,,,,865,VALC 6 - Valcárka,valc.png,Ostatné,||,,,,,
,,,,,866,VALC Live,valc.png,Ostatné,||,,,,,
,,,,,1133,Radio Čas,radio_cas.png,Ostatné,||,,,,,
,,,,,1134,Fajn radio,fajn_radio.png,Ostatné,||,,,,,
,,,,,1135,Rádio Blaník,radio_blanik.png,Ostatné,||,,,,,
,,,,,1136,Kiss Morava,kissradio.png,Ostatné,||,,,,,
,,,,,1137,Kiss 98,kissradio.png,Ostatné,||,,,,,
,,,,,1167,Rocková republika,rockovarepublika.png,Ostatné,|2042|,,,,,
,,,,,1248,Radiožurnál Sport,radiozurnal.png,Ostatné,||,,,,,
,,,,,1270,Rádio SiTy,radiosity.png,Ostatné,||,,,,,
,,,,,1274,ČRo Karlovy Vary,crokarlovyvary.png,Ostatné,||,,,,,
,,,,,1275,ČRo Zlín,crozlin.png,Ostatné,||,,,,,
,,,,,1276,ČRo Rádio Junior,crojunior.png,Ostatné,||,,,,,
,,,,,1277,ČRo Rádio Retro,croradioretro.png,Ostatné,||,,,,,
,,,,,1369,Rádio Liptov,radioliptov.png,Ostatné,||,,,,,
,,,,,1475,Antena TV,antena.png,Ostatné,||,,,,,
,,,,,15413,ČRo Pohoda,cropohoda.png,Ostatné,||,,,,,
,,,,,15414,ČRo Prague International,cropragueint.png,Ostatné,||,,,,,
