MULTI-cz,
AMC,
Arena Sport 1 HD,
AXN,
AXN Black,
AXN White,
Barrandov Krimi,
BBC World News HD,
Bloomberg Europe,
CANAL+ Domo,
Cartoon Network,
CNN Prima NEWS HD,
CS Film,
CS History,
CS Horror,
CS Mystery,
ČT art HD,
ČT :D HD,
ČT Sport HD,
ČT1 HD,
ČT2 HD,
ČT24 HD,
Disney Channel,
ducktv,
Dvojka HD,
Earthx TV,
Epic Drama HD,
EuroNews,
FightBox,
Film+,
FilmBox,
FilmBox Extra HD,
FilmBox Stars,
Film Europe HD,
Film Europe+ HD,
Fishing and Hunting,
France 24,
Golf Channel,
History HD,
Hobby TV,
INPLUS,
Jednotka HD,
JimJam,
JOJ Cinema HD,
JOJ Family HD,
Kino Barrandov,
LALA TV,
LEO TV,
Love Nature HD,
Markíza International,
Minimax,
Mňam TV,
MTV DE,
MTV Europe CZ,
MTV 00s,
MTV 80s,
Náš region TV,
National Geographic HD,
National Geographic Wild,
Newsmax HD,
Nickelodeon,
Nickelodeon DE,
Nick Jr Czech,
Nicktoons,
Nova Action HD,
Nova Cinema HD,
Nova Fun HD,
Nova Gold,
Nova HD,
Nova Sport 1 HD,
Nova Sport 2 HD,
ÓČKO,
ÓČKO BLACK HD,
ÓČKO EXPRES HD,
ÓČKO STAR,
Paramount Network,
Penthouse Gold,
Playboy TV Europe,
Prima COOL HD,
Prima HD,
Prima KRIMI HD,
Prima LOVE HD,
Prima MAX HD,
Prima Show,
Prima STAR,
Prima ZOOM HD,
Rebel,
RELAX,
Retro,
RTVS 24 HD,
Senzi,
Skylink 7,
Sky News International,
Spektrum HD,
Sport 1 DE,
Sport 1 HD,
Sport 2 HD,
SPORT5,
Šláger Muzika,
Šláger Originál,
Šlágr Premium HD,
TA3 HD,
Televize Seznam,
Travelxp HD,
TV Barrandov HD,
TV Lux HD,
TV Noe,
TV8 HD,
UP NETWORK,
Viasat Explore,
Viasat History HD,
Viasat Nature HD,
VIXEN HD,
