xmltv_id,site_id,name,channelNumber,logoUrl
mujtvprogram-394,394,AMC,216,https://services.mujtvprogram.cz/tvprogram2services/services/logoImageDownloader.php?p1=181ab2ae0a67e37a124ffc6e7c285693&p2=80
mujtvprogram-11,11,Animal Planet,125,https://services.mujtvprogram.cz/tvprogram2services/services/logoImageDownloader.php?p1=80827a7225497dfb53f37650fd8b4840&p2=80
mujtvprogram-344,344,Arena Sport 1,108,https://services.mujtvprogram.cz/tvprogram2services/services/logoImageDownloader.php?p1=417142095fa934ab9c9f02e2bf7d5a9a&p2=80
mujtvprogram-379,379,Arena Sport 2,109,https://services.mujtvprogram.cz/tvprogram2services/services/logoImageDownloader.php?p1=e40bd2279b88dab77b024d002dea6187&p2=80
mujtvprogram-453,453,Auto Motor Sport  HD,114,https://services.mujtvprogram.cz/tvprogram2services/services/logoImageDownloader.php?p1=f2464856c0987f1260ba96bd10155b84&p2=80
mujtvprogram-369,369,AXN Black,192,https://services.mujtvprogram.cz/tvprogram2services/services/logoImageDownloader.php?p1=dcce8445e7c707239857e2fb3213ea52&p2=80
mujtvprogram-370,370,AXN White,193,https://services.mujtvprogram.cz/tvprogram2services/services/logoImageDownloader.php?p1=e4f5ce21e5c4ac42ff8a3c1d99ead13b&p2=80
mujtvprogram-9,9,AXN,194,https://services.mujtvprogram.cz/tvprogram2services/services/logoImageDownloader.php?p1=206f0baaf3ae62b0fedd0c4150916af9&p2=80
mujtvprogram-296,296,A11,63,https://services.mujtvprogram.cz/tvprogram2services/services/logoImageDownloader.php?p1=a525a102fb950e7f64e3b72572728135&p2=80
mujtvprogram-108,108,Baby TV,329,https://services.mujtvprogram.cz/tvprogram2services/services/logoImageDownloader.php?p1=7419cc50113d014caae9363fcc3cc067&p2=80
mujtvprogram-455,455,Barrandov Krimi,30,https://services.mujtvprogram.cz/tvprogram2services/services/logoImageDownloader.php?p1=2997ac41a7346f4a000a80ed21c9ebe1&p2=80
mujtvprogram-97,97,BBC World News,597,https://services.mujtvprogram.cz/tvprogram2services/services/logoImageDownloader.php?p1=bbb84b4d1ca953f3c377978a766bc0f4&p2=80
mujtvprogram-284,284,Bloomberg,602,https://services.mujtvprogram.cz/tvprogram2services/services/logoImageDownloader.php?p1=4907f451ddc509622b32067835e9cdd6&p2=80
mujtvprogram-146,146,Blue Hustler,401,https://services.mujtvprogram.cz/tvprogram2services/services/logoImageDownloader.php?p1=1388992aba6750aeeb12fa042586de82&p2=80
mujtvprogram-377,377,Brazzers TV Europe,395,https://services.mujtvprogram.cz/tvprogram2services/services/logoImageDownloader.php?p1=afa748221b5ca190f07ccd80165aa3c6&p2=80
mujtvprogram-1049,1049,Canal+ Action,183,https://services.mujtvprogram.cz/tvprogram2services/services/logoImageDownloader.php?p1=78100f2725f85fc35a1de7bc88b6ce14&p2=80
mujtvprogram-1040,1040,CANAL+ Sport,92,https://services.mujtvprogram.cz/tvprogram2services/services/logoImageDownloader.php?p1=ab73879fdf9b10e1deb0224bfbb3cfd8&p2=80
mujtvprogram-73,73,Cartoonito,327,https://services.mujtvprogram.cz/tvprogram2services/services/logoImageDownloader.php?p1=ffd005bf07fcb0e034d255c1ea53d407&p2=80
mujtvprogram-326,326,Cartoon Network,332,https://services.mujtvprogram.cz/tvprogram2services/services/logoImageDownloader.php?p1=9859d11592ac520dd0f738a8a3c0f662&p2=80
mujtvprogram-323,323,CBS Reality,588,https://services.mujtvprogram.cz/tvprogram2services/services/logoImageDownloader.php?p1=43b7d9719218e79c4331ce1e488260a5&p2=80
mujtvprogram-7,7,Cinemax,198,https://services.mujtvprogram.cz/tvprogram2services/services/logoImageDownloader.php?p1=3cec25ae0771314599f5318ff16610bb&p2=80
mujtvprogram-112,112,Cinemax 2,199,https://services.mujtvprogram.cz/tvprogram2services/services/logoImageDownloader.php?p1=17117b7e39721b3d81d91d635795eba5&p2=80
mujtvprogram-131,131,Club MTV,360,https://services.mujtvprogram.cz/tvprogram2services/services/logoImageDownloader.php?p1=27e7dbe166967d96e2a6435897f75f29&p2=80
mujtvprogram-818,818,CNN Prima News,17,https://services.mujtvprogram.cz/tvprogram2services/services/logoImageDownloader.php?p1=a1c9d2c600a34f92762af5e08003c2c1&p2=80
mujtvprogram-368,368,Crime & Investigation,155,https://services.mujtvprogram.cz/tvprogram2services/services/logoImageDownloader.php?p1=09b0e4393039647e27a1f7749ef9edc8&p2=80
mujtvprogram-15,15,CS Film,186,https://services.mujtvprogram.cz/tvprogram2services/services/logoImageDownloader.php?p1=0378bc778d9119b7b71e54b4f26b00f8&p2=80
mujtvprogram-755,755,CS History,129,https://services.mujtvprogram.cz/tvprogram2services/services/logoImageDownloader.php?p1=56c3885c06f7afa10cdbdde74bd2cacc&p2=80
mujtvprogram-756,756,CS Horror,217,https://services.mujtvprogram.cz/tvprogram2services/services/logoImageDownloader.php?p1=6253fdaa2cac2512b4d1c999257f8479&p2=80
mujtvprogram-757,757,CS Mystery,152,https://services.mujtvprogram.cz/tvprogram2services/services/logoImageDownloader.php?p1=2ac5f861a1f776dd20bff205cd073393&p2=80
mujtvprogram-358,358,ČT art,16,https://services.mujtvprogram.cz/tvprogram2services/services/logoImageDownloader.php?p1=2321936145b564cadab76b11be414b15&p2=80
mujtvprogram-357,357,ČT :D,316,https://services.mujtvprogram.cz/tvprogram2services/services/logoImageDownloader.php?p1=49deb09a8187efe4affc74274017f77b&p2=80
mujtvprogram-18,18,ČT sport,93,https://services.mujtvprogram.cz/tvprogram2services/services/logoImageDownloader.php?p1=731498bd1afcd17e53643dd75a9a10ea&p2=80
mujtvprogram-1,1,ČT1,1,https://services.mujtvprogram.cz/tvprogram2services/services/logoImageDownloader.php?p1=221c83bb0fc366a6af5a167d5558781e&p2=80
mujtvprogram-2,2,ČT2,2,https://services.mujtvprogram.cz/tvprogram2services/services/logoImageDownloader.php?p1=930021742680a86aabfe6100a6899d2b&p2=80
mujtvprogram-24,24,ČT24,15,https://services.mujtvprogram.cz/tvprogram2services/services/logoImageDownloader.php?p1=8c4acbba033b894bf86f38727e4842c3&p2=80
mujtvprogram-308,308,Dajto,50,https://services.mujtvprogram.cz/tvprogram2services/services/logoImageDownloader.php?p1=8fcc62001cbc120a3a68b09e7ddeb116&p2=80
mujtvprogram-235,235,Deluxe Music,373,https://services.mujtvprogram.cz/tvprogram2services/services/logoImageDownloader.php?p1=6de8c49ce5f612790d92730bb91d8a9a&p2=80
mujtvprogram-98,98,Discovery Science,128,https://services.mujtvprogram.cz/tvprogram2services/services/logoImageDownloader.php?p1=50445f7e728fcee74d6ae3cf26a10e01&p2=80
mujtvprogram-12,12,Discovery,123,https://services.mujtvprogram.cz/tvprogram2services/services/logoImageDownloader.php?p1=d25a71d1efc626184305c8d9fbfc5b68&p2=80
mujtvprogram-31,31,Disney Channel,317,https://services.mujtvprogram.cz/tvprogram2services/services/logoImageDownloader.php?p1=1804d66c2d3b101b4bc5d70e93a837c2&p2=80
mujtvprogram-355,355,Disney Junior,322,https://services.mujtvprogram.cz/tvprogram2services/services/logoImageDownloader.php?p1=f92320a5b4604bdc832b23f055933046&p2=80
mujtvprogram-317,317,DocuBox,145,https://services.mujtvprogram.cz/tvprogram2services/services/logoImageDownloader.php?p1=782fd3bb0aaf3867bc18c399fe28f1d7&p2=80
mujtvprogram-182,182,Doma,43,https://services.mujtvprogram.cz/tvprogram2services/services/logoImageDownloader.php?p1=a24db5474fe8f3e05027887241012d65&p2=80
mujtvprogram-533,533,Dorcel TV,404,https://services.mujtvprogram.cz/tvprogram2services/services/logoImageDownloader.php?p1=f710f096d8a1ccb88bedbf3d8f6c0c9c&p2=80
mujtvprogram-761,761,Dorcel XXX,405,https://services.mujtvprogram.cz/tvprogram2services/services/logoImageDownloader.php?p1=5ef2c19dd1070d963592331a1ff4c6aa&p2=80
mujtvprogram-109,109,Ducktv,325,https://services.mujtvprogram.cz/tvprogram2services/services/logoImageDownloader.php?p1=c41009da991fa34dd6a3838f023a95db&p2=80
mujtvprogram-180,180,Dvojka,34,https://services.mujtvprogram.cz/tvprogram2services/services/logoImageDownloader.php?p1=790271bf84f7851efcdc0a12076fd4f7&p2=80
mujtvprogram-410,410,E! Entertainment,159,https://services.mujtvprogram.cz/tvprogram2services/services/logoImageDownloader.php?p1=f6d7d5a74345a83697f7f2de2ff8dc65&p2=80
mujtvprogram-601,601,Epic Drama,209,https://services.mujtvprogram.cz/tvprogram2services/services/logoImageDownloader.php?p1=b45753e5445cae78d5108034155e5f2c&p2=80
mujtvprogram-300,300,Erox HD,402,https://services.mujtvprogram.cz/tvprogram2services/services/logoImageDownloader.php?p1=3826a98d95f23374ac25adfb13bdc4f6&p2=80
mujtvprogram-328,328,EroXXX HD,399,https://services.mujtvprogram.cz/tvprogram2services/services/logoImageDownloader.php?p1=dee396776bc113f556347793d23e8731&p2=80
mujtvprogram-16,16,Eurosport 1,99,https://services.mujtvprogram.cz/tvprogram2services/services/logoImageDownloader.php?p1=566e52b95baae881c30bdb6a78f3d669&p2=80
mujtvprogram-25,25,Eurosport 2,100,https://services.mujtvprogram.cz/tvprogram2services/services/logoImageDownloader.php?p1=9028cafedb8845db469da758c7813987&p2=80
mujtvprogram-85,85,Extreme Sports Channel,115,https://services.mujtvprogram.cz/tvprogram2services/services/logoImageDownloader.php?p1=77145a11db98d58216052dd47f12a8bd&p2=80
mujtvprogram-338,338,FashionBox HD,165,
mujtvprogram-119,119,Fashion TV,157,https://services.mujtvprogram.cz/tvprogram2services/services/logoImageDownloader.php?p1=7bfaa5386645ef6c8fbddd94d47f12d9&p2=80
mujtvprogram-404,404,Fast&FunBox HD,116,https://services.mujtvprogram.cz/tvprogram2services/services/logoImageDownloader.php?p1=968f7dcf315da21c8d46c68cee0be070&p2=80
mujtvprogram-301,301,FightBox HD,117,https://services.mujtvprogram.cz/tvprogram2services/services/logoImageDownloader.php?p1=1b22577d975f70df2b9b9c8c28584789&p2=80
mujtvprogram-121,121,FilmBox Extra HD,205,https://services.mujtvprogram.cz/tvprogram2services/services/logoImageDownloader.php?p1=094c1197addd33a645d3d81668bc6fe9&p2=80
mujtvprogram-271,271,FilmBox Family,208,https://services.mujtvprogram.cz/tvprogram2services/services/logoImageDownloader.php?p1=90ff2af980995a625afa54398f16e93b&p2=80
mujtvprogram-65,65,FilmBox Plus,207,https://services.mujtvprogram.cz/tvprogram2services/services/logoImageDownloader.php?p1=ffa5c58c7c21beebcc26cdd54bff5f89&p2=80
mujtvprogram-397,397,FilmBox Premium,214,https://services.mujtvprogram.cz/tvprogram2services/services/logoImageDownloader.php?p1=9d64faa8b43d7f33d32c4c95e274d4a0&p2=80
mujtvprogram-64,64,FilmBox,206,https://services.mujtvprogram.cz/tvprogram2services/services/logoImageDownloader.php?p1=f29d13d4b36e71c9a1e6499756ec2a97&p2=80
mujtvprogram-816,816,Film Europe + HD,203,https://services.mujtvprogram.cz/tvprogram2services/services/logoImageDownloader.php?p1=90a8dc111210aa78cc7a0e31f01c96f7&p2=80
mujtvprogram-272,272,Film Europe,225,https://services.mujtvprogram.cz/tvprogram2services/services/logoImageDownloader.php?p1=bd9b2369268541fb93d4e66fcfa96549&p2=80
mujtvprogram-63,63,Film+,188,https://services.mujtvprogram.cz/tvprogram2services/services/logoImageDownloader.php?p1=6405d5794dcd14a21741af44a947b6d1&p2=80
mujtvprogram-102,102,Fishing & Hunting,154,https://services.mujtvprogram.cz/tvprogram2services/services/logoImageDownloader.php?p1=c7de2df3c8b3e40cc59af7f696341cec&p2=80
mujtvprogram-471,471,Food Network,162,https://services.mujtvprogram.cz/tvprogram2services/services/logoImageDownloader.php?p1=2bc6e6eb5ae6dfa71b0d0ff63501466d&p2=80
mujtvprogram-376,376,Ginx eSports TV,324,https://services.mujtvprogram.cz/tvprogram2services/services/logoImageDownloader.php?p1=8eda5979c1e6a9d668a2c137810ad681&p2=80
mujtvprogram-225,225,Golf Channel,113,https://services.mujtvprogram.cz/tvprogram2services/services/logoImageDownloader.php?p1=745ac38c76bf918e605379f63c57710a&p2=80
mujtvprogram-5,5,HBO,200,https://services.mujtvprogram.cz/tvprogram2services/services/logoImageDownloader.php?p1=256d42b0fbf7431d5c080332fd09f963&p2=80
mujtvprogram-6,6,HBO2,196,https://services.mujtvprogram.cz/tvprogram2services/services/logoImageDownloader.php?p1=978d92c9ea2b035e3d55b592106c4bab&p2=80
mujtvprogram-512,512,HBO3,197,https://services.mujtvprogram.cz/tvprogram2services/services/logoImageDownloader.php?p1=2e2ecd1433ea6e8c3ed4d99c7bcef5ad&p2=80
mujtvprogram-125,125,History Channel,127,https://services.mujtvprogram.cz/tvprogram2services/services/logoImageDownloader.php?p1=7d71be02a17f95f286b3feaa9bac2f7b&p2=80
mujtvprogram-72,72,Hustler,396,https://services.mujtvprogram.cz/tvprogram2services/services/logoImageDownloader.php?p1=0bd717f5b87b04bc1e39b886a492567d&p2=80
mujtvprogram-384,384,Investigation Discovery,136,https://services.mujtvprogram.cz/tvprogram2services/services/logoImageDownloader.php?p1=ba38b0a7435dae958e5de733973004dc&p2=80
mujtvprogram-181,181,Jednotka,33,https://services.mujtvprogram.cz/tvprogram2services/services/logoImageDownloader.php?p1=af41e26050d9dbe2388a68dc9fb87f10&p2=80
mujtvprogram-77,77,JimJam,318,https://services.mujtvprogram.cz/tvprogram2services/services/logoImageDownloader.php?p1=f7a1a62bb85220c1543d18237187af81&p2=80
mujtvprogram-459,459,JOJ Cinema,40,https://services.mujtvprogram.cz/tvprogram2services/services/logoImageDownloader.php?p1=2c14c2cb14a6ab09ecc930c06de52c2f&p2=80
mujtvprogram-532,532,JOJ Family,75,https://services.mujtvprogram.cz/tvprogram2services/services/logoImageDownloader.php?p1=26b6f679c3959e07eae32c09a361e644&p2=80
mujtvprogram-398,398,Jojko,328,https://services.mujtvprogram.cz/tvprogram2services/services/logoImageDownloader.php?p1=844f6dc14d61dd5965f197c6020b5fcb&p2=80
mujtvprogram-924,924,JOJ Šport,102,https://services.mujtvprogram.cz/tvprogram2services/services/logoImageDownloader.php?p1=3aed8902d1703977a03f5c8328a9dc52&p2=80
mujtvprogram-1042,1042,JOJ 24,67,https://services.mujtvprogram.cz/tvprogram2services/services/logoImageDownloader.php?p1=e87b36b2986de7b80d2439612306dfdb&p2=80
mujtvprogram-185,185,JOJ,37,https://services.mujtvprogram.cz/tvprogram2services/services/logoImageDownloader.php?p1=62c2a4ee85ca43296f502887aa2249ee&p2=80
mujtvprogram-454,454,Kino Barrandov,189,https://services.mujtvprogram.cz/tvprogram2services/services/logoImageDownloader.php?p1=cf272e1353caa1c5b2a218139c203d2d&p2=80
mujtvprogram-728,728,LALA TV,336,https://services.mujtvprogram.cz/tvprogram2services/services/logoImageDownloader.php?p1=29814e891919655c74f472bd00501ea0&p2=80
mujtvprogram-127,127,LEO TV,397,https://services.mujtvprogram.cz/tvprogram2services/services/logoImageDownloader.php?p1=f71b0fb59b7e005fd9e060eea105750e&p2=80
mujtvprogram-808,808,Love Nature HD,144,https://services.mujtvprogram.cz/tvprogram2services/services/logoImageDownloader.php?p1=d91a50abe9e154fad4be716760a11e51&p2=80
mujtvprogram-495,495,Markíza International,74,https://services.mujtvprogram.cz/tvprogram2services/services/logoImageDownloader.php?p1=1e5edc666f6748d00ece0e8c8fd92d8b&p2=80
mujtvprogram-1017,1017,Markíza Krimi,54,https://services.mujtvprogram.cz/tvprogram2services/services/logoImageDownloader.php?p1=bcbe656b111f70a50fedabf40c644cdc&p2=80
mujtvprogram-183,183,Markíza,38,https://services.mujtvprogram.cz/tvprogram2services/services/logoImageDownloader.php?p1=169623c0f6ffdf692434641b8e32f6be&p2=80
mujtvprogram-383,383,Mezzo Live HD,377,https://services.mujtvprogram.cz/tvprogram2services/services/logoImageDownloader.php?p1=3908ce66327022c16ae2a9073b585c43&p2=80
mujtvprogram-67,67,Mezzo,364,https://services.mujtvprogram.cz/tvprogram2services/services/logoImageDownloader.php?p1=f38d12b7f31bca39abb7db4587a78647&p2=80
mujtvprogram-32,32,Minimax,319,https://services.mujtvprogram.cz/tvprogram2services/services/logoImageDownloader.php?p1=a9796d9f8fb016a7c5a8e03b993b0cb9&p2=80
mujtvprogram-423,423,Mňam TV,156,https://services.mujtvprogram.cz/tvprogram2services/services/logoImageDownloader.php?p1=ddd8469fe80299db01ec4f90ee4911c5&p2=80
mujtvprogram-568,568,Mňau TV,164,https://services.mujtvprogram.cz/tvprogram2services/services/logoImageDownloader.php?p1=618f6448461bb9567fe7fe8e51e01ab7&p2=80
mujtvprogram-149,149,MTV Europe CZ,359,https://services.mujtvprogram.cz/tvprogram2services/services/logoImageDownloader.php?p1=8339c5610fb20cf8b4e5665629e74fae&p2=80
mujtvprogram-20,20,MTV Europe,365,https://services.mujtvprogram.cz/tvprogram2services/services/logoImageDownloader.php?p1=d2dd7c5975b51cb388666c3758fb7159&p2=80
mujtvprogram-159,159,MTV Hits,362,https://services.mujtvprogram.cz/tvprogram2services/services/logoImageDownloader.php?p1=1f8effe964d4a3046cfeff9ef2946195&p2=80
mujtvprogram-232,232,MTV Live HD,358,https://services.mujtvprogram.cz/tvprogram2services/services/logoImageDownloader.php?p1=50afa67f9cc8ba3fb582be8c144ad602&p2=80
mujtvprogram-66,66,MTV 00s,352,https://services.mujtvprogram.cz/tvprogram2services/services/logoImageDownloader.php?p1=9deac106d859eca97e7d7816302dd5c0&p2=80
mujtvprogram-106,106,MTV 80s,353,https://services.mujtvprogram.cz/tvprogram2services/services/logoImageDownloader.php?p1=82d61cd2f24941449ccea01018a9c26d&p2=80
mujtvprogram-158,158,MTV 90s,361,https://services.mujtvprogram.cz/tvprogram2services/services/logoImageDownloader.php?p1=0be43cccc1f96e3923354014116d07aa&p2=80
mujtvprogram-132,132,Music Box,613,https://services.mujtvprogram.cz/tvprogram2services/services/logoImageDownloader.php?p1=2ec218a14fb1aa2abac4ceee2c031f6d&p2=80
mujtvprogram-214,214,National Geographic HD,124,https://services.mujtvprogram.cz/tvprogram2services/services/logoImageDownloader.php?p1=25bd26f8922442392251d4f9a9ff54e1&p2=80
mujtvprogram-82,82,National Geographic Wild,126,https://services.mujtvprogram.cz/tvprogram2services/services/logoImageDownloader.php?p1=3bfcbc78d72ec27d51e11e87111f092d&p2=80
mujtvprogram-21,21,National Geographic,121,https://services.mujtvprogram.cz/tvprogram2services/services/logoImageDownloader.php?p1=f0578ba97cddee9b0580d06620967602&p2=80
mujtvprogram-624,624,Nickelodeon,334,https://services.mujtvprogram.cz/tvprogram2services/services/logoImageDownloader.php?p1=991b80efeb8cec05d61213d8d1820eef&p2=80
mujtvprogram-622,622,Nick Jr. Czech,335,https://services.mujtvprogram.cz/tvprogram2services/services/logoImageDownloader.php?p1=5f4ddcb70e7b7be962748d13ce162561&p2=80
mujtvprogram-759,759,Nicktoons,336,https://services.mujtvprogram.cz/tvprogram2services/services/logoImageDownloader.php?p1=7a38a2357ec572283831961a47f46e92&p2=80
mujtvprogram-558,558,Nova Action,18,https://services.mujtvprogram.cz/tvprogram2services/services/logoImageDownloader.php?p1=25ebf360f8f0468e1718867e521bfdfe&p2=80
mujtvprogram-78,78,Nova Cinema,184,https://services.mujtvprogram.cz/tvprogram2services/services/logoImageDownloader.php?p1=171d42bbb605364a78987918bdcd06b3&p2=80
mujtvprogram-560,560,Nova Fun,19,https://services.mujtvprogram.cz/tvprogram2services/services/logoImageDownloader.php?p1=c1a9cba821271db0677a95b4e971e9dc&p2=80
mujtvprogram-559,559,Nova Gold,22,https://services.mujtvprogram.cz/tvprogram2services/services/logoImageDownloader.php?p1=c2d8401ab82b123bd0a64e5f551e9a5f&p2=80
mujtvprogram-494,494,Nova International,81,https://services.mujtvprogram.cz/tvprogram2services/services/logoImageDownloader.php?p1=3d4a0d28e35d9a621709eafed2607692&p2=80
mujtvprogram-921,921,Nova Lady,20,https://services.mujtvprogram.cz/tvprogram2services/services/logoImageDownloader.php?p1=11d7d12fe3f18edb127c3350031215b1&p2=80
mujtvprogram-17,17,Nova Sport 1,94,https://services.mujtvprogram.cz/tvprogram2services/services/logoImageDownloader.php?p1=11dac2d7fe5514e362318f0f212a840c&p2=80
mujtvprogram-466,466,Nova Sport 2,95,https://services.mujtvprogram.cz/tvprogram2services/services/logoImageDownloader.php?p1=52b4f4f976af662468915020f177bc6d&p2=80
mujtvprogram-904,904,Nova Sport 3,97,https://services.mujtvprogram.cz/tvprogram2services/services/logoImageDownloader.php?p1=8848ffa12bad239fd606114e47335b60&p2=80
mujtvprogram-905,905,Nova Sport 4,98,https://services.mujtvprogram.cz/tvprogram2services/services/logoImageDownloader.php?p1=3775f3844d9c811608873fcfe678097b&p2=80
mujtvprogram-3,3,Nova,6,https://services.mujtvprogram.cz/tvprogram2services/services/logoImageDownloader.php?p1=60712218b2910fb81fc217d672f602af&p2=80
mujtvprogram-727,727,Óčko Black HD,369,https://services.mujtvprogram.cz/tvprogram2services/services/logoImageDownloader.php?p1=837622a6d6ce69dd8c568888aaaaae60&p2=80
mujtvprogram-371,371,ÓČKO EXPRES,374,https://services.mujtvprogram.cz/tvprogram2services/services/logoImageDownloader.php?p1=d3e92d9b489c94da42fc211d902fba93&p2=80
mujtvprogram-352,352,ÓČKO STAR,376,https://services.mujtvprogram.cz/tvprogram2services/services/logoImageDownloader.php?p1=460ca6f9fc6e5e67e423f483ca1efa28&p2=80
mujtvprogram-19,19,ÓČKO,370,https://services.mujtvprogram.cz/tvprogram2services/services/logoImageDownloader.php?p1=53dc07653d530076f167ea95490e5bca&p2=80
mujtvprogram-475,475,Paramount Network,29,https://services.mujtvprogram.cz/tvprogram2services/services/logoImageDownloader.php?p1=cbc6e86958703869b7b086ddba1da30d&p2=80
mujtvprogram-103,103,Playboy,403,
mujtvprogram-184,184,PLUS,52,https://services.mujtvprogram.cz/tvprogram2services/services/logoImageDownloader.php?p1=1afc210ac052b9273f87bf5fdaf516c9&p2=80
mujtvprogram-699,699,Power TV,355,https://services.mujtvprogram.cz/tvprogram2services/services/logoImageDownloader.php?p1=40b6e6db6572fd6e39e4a29a2e4ea166&p2=80
mujtvprogram-528,528,Premier Sport,110,
mujtvprogram-902,902,Premier Sport 2,111,
mujtvprogram-92,92,Prima COOL,24,https://services.mujtvprogram.cz/tvprogram2services/services/logoImageDownloader.php?p1=856df71312a0fbdd13d7a3d897939eae&p2=80
mujtvprogram-226,226,Prima Love,27,https://services.mujtvprogram.cz/tvprogram2services/services/logoImageDownloader.php?p1=afdd434566239dfa7b1c905f5a2c13d1&p2=80
mujtvprogram-474,474,Prima MAX,23,https://services.mujtvprogram.cz/tvprogram2services/services/logoImageDownloader.php?p1=84812352443b158ef7588f9e79c48e41&p2=80
mujtvprogram-556,556,Prima PLUS,82,https://services.mujtvprogram.cz/tvprogram2services/services/logoImageDownloader.php?p1=4e4dd9b87204da34ef0a808de90f8bbf&p2=80
mujtvprogram-923,923,Prima Show,26,https://services.mujtvprogram.cz/tvprogram2services/services/logoImageDownloader.php?p1=842a86fcc3e208def1111a707f7859ad&p2=80
mujtvprogram-897,897,Prima STAR,25,https://services.mujtvprogram.cz/tvprogram2services/services/logoImageDownloader.php?p1=105dd0f9660f7921d17dff31eed161bf&p2=80
mujtvprogram-333,333,Prima ZOOM,132,https://services.mujtvprogram.cz/tvprogram2services/services/logoImageDownloader.php?p1=b6e1910c8b4528b6ce4a552add1ea837&p2=80
mujtvprogram-4,4,Prima,12,https://services.mujtvprogram.cz/tvprogram2services/services/logoImageDownloader.php?p1=aa330a12f11883b0f0fe6a45702e8e04&p2=80
mujtvprogram-608,608,Prim KRIMI,28,https://services.mujtvprogram.cz/tvprogram2services/services/logoImageDownloader.php?p1=f5f408ddd53640116492b80c837ae5b1&p2=80
mujtvprogram-74,74,Private TV,400,https://services.mujtvprogram.cz/tvprogram2services/services/logoImageDownloader.php?p1=79ac117d490302b81ab08c8c3a682a64&p2=80
mujtvprogram-365,365,Rebel,371,https://services.mujtvprogram.cz/tvprogram2services/services/logoImageDownloader.php?p1=5e0df0df1e7e319815dc87f47a8dcbfa&p2=80
mujtvprogram-314,314,RELAX,62,https://services.mujtvprogram.cz/tvprogram2services/services/logoImageDownloader.php?p1=f7374332cf28043a6ae3e77640f188e9&p2=80
mujtvprogram-206,206,Retro,363,https://services.mujtvprogram.cz/tvprogram2services/services/logoImageDownloader.php?p1=355e24aea9fbc0e5c4fc7d5dfb882194&p2=80
mujtvprogram-928,928,RTVS Šport,101,https://services.mujtvprogram.cz/tvprogram2services/services/logoImageDownloader.php?p1=463022363e42669684ed651fff8044e4&p2=80
mujtvprogram-1016,1016,RTVS 24,36,https://services.mujtvprogram.cz/tvprogram2services/services/logoImageDownloader.php?p1=97c4094b535828580db20c8d7166bd80&p2=80
mujtvprogram-364,364,Senzi,354,https://services.mujtvprogram.cz/tvprogram2services/services/logoImageDownloader.php?p1=6e2d5618d8cabcdc95105f08e8bb46e2&p2=80
mujtvprogram-30,30,Spektrum Home,140,https://services.mujtvprogram.cz/tvprogram2services/services/logoImageDownloader.php?p1=85da52bf2e7e3f8d31f74ef14b0cb82a&p2=80
mujtvprogram-10,10,Spektrum,139,https://services.mujtvprogram.cz/tvprogram2services/services/logoImageDownloader.php?p1=46a3495ba191cc4e08a7451b8d5ca5dd&p2=80
mujtvprogram-61,61,Sport 1,103,https://services.mujtvprogram.cz/tvprogram2services/services/logoImageDownloader.php?p1=5fb0f492ec2d16b633ea3c65d6c03f83&p2=80
mujtvprogram-93,93,Sport 2,106,https://services.mujtvprogram.cz/tvprogram2services/services/logoImageDownloader.php?p1=d0f82af73dc56eada0688322c7a53f35&p2=80
mujtvprogram-233,233,Stingray Classica,350,https://services.mujtvprogram.cz/tvprogram2services/services/logoImageDownloader.php?p1=661af53f8f3b997611c29f844c7006fd&p2=80
mujtvprogram-110,110,Stingray CMusic,375,https://services.mujtvprogram.cz/tvprogram2services/services/logoImageDownloader.php?p1=b323f2ad3200cb938b43bed58dd8fbf9&p2=80
mujtvprogram-234,234,Stingray iConcerts,351,https://services.mujtvprogram.cz/tvprogram2services/services/logoImageDownloader.php?p1=99c87946872c81f46190c77af7cd1d89&p2=80
mujtvprogram-1050,1050,Story 4,38,https://services.mujtvprogram.cz/tvprogram2services/services/logoImageDownloader.php?p1=bdeec8f81739ad1c7fc8f633d4ad6b0d&p2=80
mujtvprogram-841,841,Šlágr Premium,378,https://services.mujtvprogram.cz/tvprogram2services/services/logoImageDownloader.php?p1=d68a50deaed130de7bd33ad0f189589a&p2=80
mujtvprogram-192,192,TA3,66,https://services.mujtvprogram.cz/tvprogram2services/services/logoImageDownloader.php?p1=b6cd5e1b46e3289109677f63c813c4bd&p2=80
mujtvprogram-606,606,Televize Seznam,80,https://services.mujtvprogram.cz/tvprogram2services/services/logoImageDownloader.php?p1=facfd0bf62f131886ae61469dcd729eb&p2=80
mujtvprogram-276,276,TLC,591,https://services.mujtvprogram.cz/tvprogram2services/services/logoImageDownloader.php?p1=4425e4caeaf9607e60681d9ff33952c4&p2=80
mujtvprogram-105,105,Travel Channel,137,https://services.mujtvprogram.cz/tvprogram2services/services/logoImageDownloader.php?p1=98ba5aa2f0524629d8e1545015ffb54f&p2=80
mujtvprogram-582,582,Travelxp HD,130,https://services.mujtvprogram.cz/tvprogram2services/services/logoImageDownloader.php?p1=caeabe147aa699c15c59110fa2ce9bef&p2=80
mujtvprogram-89,89,TV Barrandov,13,https://services.mujtvprogram.cz/tvprogram2services/services/logoImageDownloader.php?p1=b248cb57e2fb343e1effe7bc682aa6bd&p2=80
mujtvprogram-304,304,TV Lux,71,https://services.mujtvprogram.cz/tvprogram2services/services/logoImageDownloader.php?p1=f5dbde9996dd8d622a9358be9160502a&p2=80
mujtvprogram-75,75,TV Noe,85,https://services.mujtvprogram.cz/tvprogram2services/services/logoImageDownloader.php?p1=2cdfb1e25a1c38ac5a07b1fb42125f15&p2=80
mujtvprogram-29,29,TV Paprika,153,https://services.mujtvprogram.cz/tvprogram2services/services/logoImageDownloader.php?p1=61d1d85856fbd7bdc0dc8b1090a50ae6&p2=80
mujtvprogram-1051,1051,TV Spark,150,https://services.mujtvprogram.cz/tvprogram2services/services/logoImageDownloader.php?p1=b1ed2b271927baf29dfb28f34f3ce9a4&p2=80
mujtvprogram-268,268,TV 8,73,https://services.mujtvprogram.cz/tvprogram2services/services/logoImageDownloader.php?p1=823c4e23f7e767c43d69a8d431fa12f7&p2=80
mujtvprogram-13,13,Viasat Explorer,141,https://services.mujtvprogram.cz/tvprogram2services/services/logoImageDownloader.php?p1=8b1078a2a5e66e1fc66863c0a54cd499&p2=80
mujtvprogram-14,14,Viasat History,135,https://services.mujtvprogram.cz/tvprogram2services/services/logoImageDownloader.php?p1=13cbd6322cbef4ccbf92bac33e2ba415&p2=80
mujtvprogram-207,207,Viasat Nature,134,https://services.mujtvprogram.cz/tvprogram2services/services/logoImageDownloader.php?p1=d25d1265a9805809cd7ba60783dd666c&p2=80
mujtvprogram-892,892,Vixen,394,https://services.mujtvprogram.cz/tvprogram2services/services/logoImageDownloader.php?p1=4499ebafb26a915859febcb4306703ca&p2=80
mujtvprogram-349,349,WAU,53,https://services.mujtvprogram.cz/tvprogram2services/services/logoImageDownloader.php?p1=18f22d4375046a88766f9eef273181bd&p2=80
mujtvprogram-367,367,360TuneBox,366,
