KOMPLET-cz,KOMPLET-sk,MULTI-cz,MULTI-sk
AMC,AMC,AMC,AMC
Arena Sport 1 HD,Arena Sport 1 HD,Arena Sport 1 HD,Arena Sport 1 HD
Auto Motor Sport HD,Auto Motor Sport HD,AXN,AXN
AXN,AXN,AXN Black,AXN Black
AXN Black,AXN Black,AXN White,AXN White
AXN White,AXN White,A11,A11
A11,A11,Barrandov Krimi,BBC World News HD
Barrandov Krimi,BBC World News HD,BBC World News HD,Bloomberg Europe
BBC World News HD,Bloomberg Europe,Bloomberg Europe,CANAL+ Action
Bloomberg Europe,CANAL+ Action,CANAL+ Action,Cartoon Network
CANAL+ Action,CANAL+ Sport,Cartoon Network,CNN Prima NEWS HD
CANAL+ Sport,Cartoonito,CNN Prima NEWS HD,CS Film
Cartoonito,Cartoon Network,CS Film,CS History
Cartoon Network,CBS Reality,CS History,CS Horror
CBS Reality,Cinemax,CS Horror,CS Mystery
Cinemax,Cinemax2,CS Mystery,ČT1 HD
Cinemax2,CNN Prima NEWS HD,ČT art HD,ČT2 HD
CNN Prima NEWS HD,CS Film,ČT :D HD,ČT24 HD
CS Film,CS History,ČT Sport HD,DAJTO HD
CS History,CS Horror,ČT1 HD,Disney Channel
CS Horror,CS Mystery,ČT2 HD,Doma HD
CS Mystery,ČT1 HD,ČT24 HD,ducktv
ČT art HD,ČT2 HD,Disney Channel,Dvojka HD
ČT :D HD,ČT24 HD,ducktv,Earthx TV
ČT Sport HD,DAJTO HD,Dvojka HD,Epic Drama HD
ČT1 HD,Disney Channel,Earthx TV,EuroNews
ČT2 HD,DocuBox,Epic Drama HD,FightBox
ČT24 HD,Doma HD,EuroNews,Film+
Disney Channel,Dorcel TV,FightBox,FilmBox
DocuBox,Dorcel XXX,Film+,FilmBox Extra HD
Dorcel TV,ducktv,FilmBox,FilmBox Stars
Dorcel XXX,Dvojka HD,FilmBox Extra HD,Film Europe HD
ducktv,Earthx TV,FilmBox Stars,Film Europe+ HD
Dvojka HD,Epic Drama HD,Film Europe HD,Fishing and Hunting
Earthx TV,EuroNews,Film Europe+ HD,France 24
Epic Drama HD,Extreme Sports Channel,Fishing and Hunting,Golf Channel
EuroNews,FightBox,France 24,History HD
Extreme Sports Channel,Film+,Golf Channel,Hobby TV
FightBox,FilmBox,History HD,INPLUS
Film+,FilmBox Extra HD,Hobby TV,Jednotka HD
FilmBox,FilmBox Family,INPLUS,JimJam
FilmBox Extra HD,FilmBox Premium HD,Jednotka HD,JOJ Cinema HD
FilmBox Family,FilmBox Stars,JimJam,JOJ HD
FilmBox Premium HD,Film Europe HD,JOJ Cinema HD,Jojko
FilmBox Stars,Film Europe+ HD,JOJ Family HD,JOJ Šport HD
Film Europe HD,Fishing and Hunting,Kino Barrandov,JOJ 24 HD
Film Europe+ HD,France 24,LALA TV,LALA TV
Fishing and Hunting,Golf Channel,LEO TV,LEO TV
France 24,HBO,Love Nature HD,Love Nature HD
Golf Channel,HBO2,Markíza International,Markíza HD
HBO,HBO3,Minimax,Markíza Krimi HD
HBO2,History HD,Mňam TV,Minimax
HBO3,Hobby TV,MTV DE,Mňam TV
History HD,Hustler,MTV Europe CZ,MTV DE
Hobby TV,INPLUS,MTV 00s,MTV Europe CZ
Hustler,Jednotka HD,MTV 80s,MTV 00s
INPLUS,JimJam,National Geographic HD,MTV 80s
Jednotka HD,JOJ Cinema HD,National Geographic Wild HD,National Geographic HD
JimJam,JOJ HD,Newsmax HD,National Geographic Wild HD
JOJ Cinema HD,Jojko,Nickelodeon,Newsmax HD
JOJ Family HD,JOJ Šport HD,Nickelodeon DE,Nickelodeon
Kino Barrandov,JOJ 24 HD,Nick Jr Czech,Nickelodeon DE
LALA TV,LALA TV,Nicktoons,Nick Jr Czech
LEO TV,LEO TV,Nova Action HD,Nicktoons
Love Nature HD,Love Nature HD,Nova Cinema HD,Nova International
Man-X,Man-X,Nova Fun HD,Nova Sport 1 HD
Markíza International,Markíza HD,Nova Gold,Nova Sport 2 HD
Mezzo HD,Markíza Krimi HD,Nova HD,ÓČKO
Minimax,Mezzo HD,Nova Sport 1 HD,ÓČKO BLACK HD
Mňam TV,Minimax,Nova Sport 2 HD,ÓČKO EXPRES HD
MTV DE,Mňam TV,ÓČKO,ÓČKO STAR
MTV Europe CZ,MTV DE,ÓČKO BLACK HD,Penthouse Gold
MTV 00s,MTV Europe CZ,ÓČKO EXPRES HD,Playboy TV Europe
MTV 80s,MTV 00s,ÓČKO STAR,Plus HD
National Geographic HD,MTV 80s,Paramount Network,Prima PLUS HD
National Geographic Wild HD,National Geographic HD,Penthouse Gold,RELAX
Nautical HD,National Geographic Wild HD,Playboy TV Europe,Retro
Newsmax HD,Nautical HD,Prima COOL HD,RTVS ŠPORT HD
Nickelodeon,Newsmax HD,Prima HD,RTVS 24 HD
Nickelodeon DE,Nickelodeon,Prima KRIMI HD,Senzi
Nick Jr Czech,Nickelodeon DE,Prima LOVE HD,Skylink 7
Nicktoons,Nick Jr Czech,Prima MAX HD,Sky News International
Nova Action HD,Nicktoons,Prima Show,Spektrum HD
Nova Cinema HD,Nova International,Prima STAR,Spektrum Home
Nova Fun HD,Nova Sport 1 HD,Prima ZOOM HD,Sport 1 DE
Nova Gold,Nova Sport 2 HD,RELAX,Sport 1 HD
Nova HD,ÓČKO,Retro,Sport 2 HD
Nova Sport 1 HD,ÓČKO BLACK HD,RTVS 24 HD,SPORT5
Nova Sport 2 HD,ÓČKO EXPRES HD,Senzi,STORY4 HD
ÓČKO,ÓČKO STAR,Skylink 7,Šláger Muzika
ÓČKO BLACK HD,Penthouse Gold,Sky News International,Šláger Originál
ÓČKO EXPRES HD,Penthouse Reality TV,Spektrum HD,Šlágr Premium HD
ÓČKO STAR,Playboy TV Europe,Spektrum Home,TA3 HD
Paramount Network,Plus HD,Sport 1 DE,Travelxp HD
Penthouse Gold,Prima PLUS HD,Sport 1 HD,TV Lux HD
Penthouse Reality TV,RELAX,Sport 2 HD,TV Noe
Playboy TV Europe,Retro,SPORT5,TV Spark
Prima COOL HD,RTVS ŠPORT HD,STORY4 HD,TV8 HD
Prima HD,RTVS 24 HD,Šláger Muzika,Viasat Explore
Prima KRIMI HD,Senzi,Šláger Originál,Viasat History HD
Prima LOVE HD,Skylink 7,Šlágr Premium HD,Viasat Nature HD
Prima MAX HD,Sky News International,TA3 HD,VIXEN HD
Prima Show,Spektrum HD,Televize Seznam,WAU HD
Prima STAR,Spektrum Home,Travelxp HD,
Prima ZOOM HD,Sport 1 DE,TV Barrandov HD,
RELAX,Sport 1 HD,TV Lux HD,
Retro,Sport 2 HD,TV Noe,
RTVS 24 HD,SPORT5,TV Spark,
Senzi,Stingray Classica HD,TV8 HD,
Skylink 7,Stingray CMusic,Viasat Explore,
Sky News International,Stingray iConcerts HD,Viasat History HD,
Spektrum HD,STORY4 HD,Viasat Nature HD,
Spektrum Home,Šláger Muzika,VIXEN HD,
Sport 1 DE,Šláger Originál,,
Sport 1 HD,Šlágr Premium HD,,
Sport 2 HD,TA3 HD,,
SPORT5,Travelxp HD,,
Stingray Classica HD,TV Lux HD,,
Stingray CMusic,TV Noe,,
Stingray iConcerts HD,TV Paprika,,
STORY4 HD,TV Spark,,
Šláger Muzika,TV8 HD,,
Šláger Originál,Viasat Explore,,
Šlágr Premium HD,Viasat History HD,,
TA3 HD,Viasat Nature HD,,
Televize Seznam,Vivid TV Europe,,
Travelxp HD,VIXEN HD,,
TV Barrandov HD,WAU HD,,
TV Lux HD,,,
TV Noe,,,
TV Paprika,,,
TV Spark,,,
TV8 HD,,,
Viasat Explore,,,
Viasat History HD,,,
Viasat Nature HD,,,
Vivid TV Europe,,,
VIXEN HD,,,
